Id,x_1,x_2,y
1,7.738823728,5.819744551,0.546348081
2,6.480974365,-7.968089428,-0.79699479
3,6.374513854,-2.288499859,-0.662116362
4,9.426092856,-4.645707651,0.996462729
5,-3.238310495,7.801857099,1.095208947
6,-4.143496481,-8.439577111,0.009114986
7,5.19753185,3.234227904,-0.977111152
8,-3.939644046,5.789612833,0.242222133
9,-8.229440204,-3.338072095,-0.735121838
10,7.901848002,5.647533368,0.405152378
11,-7.201386199,-4.963020771,0.174245524
12,-5.328225503,-7.536615344,-0.13377008
13,6.197326946,-3.700136191,0.444198726
14,1.339692989,-7.763404869,-0.022486462
15,-5.736206216,0.326074268,0.840436082
16,3.395709529,-3.705371951,0.282993683
17,5.885886986,9.272568259,-0.235305858
18,-7.001364526,5.634854569,-1.261871397
19,-5.028649594,-6.206928579,1.026587908
20,3.16638904,-4.708743939,0.975199511
21,-4.759972412,-2.771404914,0.637077662
22,2.815988656,0.821425512,1.051998708
23,7.816578768,8.925721746,1.47789767
24,-2.252976817,-6.122246578,-0.615954919
25,-2.793031214,-2.683648424,-0.7836512
26,-9.377940017,-5.499675597,0.658949363
27,-4.325523446,2.699226582,1.35417518
28,1.201277816,-0.090889829,0.84173661
29,-0.004170178,1.144707908,0.90641925
30,-5.767810784,-6.936561791,-0.115010155
31,-1.555903933,-4.710852168,0.000109709
32,-1.649890292,1.964292377,-0.07329945
33,-8.94337483,1.117604967,0.436031097
34,0.607767844,9.950783148,0.068953888
35,-1.352760241,-3.036574236,-1.081149636
36,8.408831755,5.24578495,-0.011105915
37,-9.421922061,1.761129833,0.979085299
38,2.18586623,-5.785219973,1.294372074
39,-8.252528608,2.71140485,-0.504584354
40,-6.586954531,1.121788996,0.60175946
41,5.086475451,5.518263524,-1.623322407
42,4.963466703,9.59541412,-1.13845453
43,5.530862879,-2.840319771,-0.980072214
44,5.70783031,8.910818018,-0.052503238
45,-1.071504101,1.18967357,0.05032593
46,5.929592342,-2.215462971,-1.145570856
47,7.33969891,-9.017321758,0.47437071
48,6.032782406,7.216391188,0.555738088
49,8.28922566,0.674050427,1.530922877
50,7.10899185,-0.527864687,0.231405001
51,-6.573542918,7.865796075,0.713635325
52,3.710451135,-2.616270901,-1.040162051
53,7.036280999,-5.573039891,1.335844616
54,1.407269634,-2.911403197,0.758497292
55,6.783187447,4.236868452,-0.409627127
56,-2.13463997,-8.67516185,-1.526564989
57,-5.387996056,3.207363692,0.714603818
58,1.245758096,-8.769988297,0.338646095
59,2.551310132,6.405848378,0.678951459
60,6.27071742,8.083499413,0.961308653
61,-5.764198727,5.301861941,-0.33523337
62,5.302885942,-6.852824241,-1.369992118
63,-2.141267479,2.003611437,0.06614198
64,7.042764662,4.114759915,-0.138055539
65,-3.694829587,1.064612881,1.400045353
66,-6.808156406,-6.21194085,-0.430003793
67,-5.253135003,-0.124445298,0.733200546
68,-7.642040461,6.797087302,-0.486045449
69,2.682453781,-1.612507367,-0.555953894
70,7.501177587,-8.643188943,0.233999334
71,-8.854049887,-4.391810639,0.408808461
72,-8.635026524,-3.702769848,-0.177995087
73,-5.222233863,-7.457206317,-0.049491731
74,0.027584827,6.965621733,0.658266983
75,-3.917175354,6.162689047,0.579927365
76,-2.004017724,-9.866523329,-0.480100189
77,-8.301623224,-8.18808745,-1.846174336
78,0.055040193,-5.530620615,0.73852548
79,6.439224521,-5.305472943,0.984627704
80,1.354719947,-2.916971124,0.75400877
81,-5.838396243,3.614608143,-0.025305259
82,5.009833141,-6.546150413,-1.216033536
83,-9.349083757,-2.503782854,-0.671059202
84,-8.765842964,-5.851259386,-0.193654535
85,6.168513675,-3.798854888,0.49653126
86,-6.219831363,2.220084466,0.859825978
87,0.507529044,-0.540369881,-0.028433961
88,-0.733466118,-9.277502081,-0.816192537
89,8.779622696,3.843845657,-0.04461674
90,-4.138598002,-8.862305044,0.306569434
91,-4.473245345,-2.119549699,0.118365723
92,-1.184679721,7.33316361,-0.058966074
93,5.986991002,-2.989403954,-0.443484252
94,-0.543474661,-0.483785617,-0.982246811
95,-9.623449358,-0.816782278,-0.531579813
96,-8.645338631,0.20794304,-0.496433031
97,1.106028244,3.729655535,0.339175189
98,-1.880935961,-7.596115126,-1.919227222
99,1.416491354,3.412038244,0.720957733
100,-4.525564962,1.556796258,1.982501094
101,-4.373462147,1.715378351,1.932678223
102,-5.190156508,1.19111232,1.816805418
103,8.798217882,4.316120916,-0.336146134
104,5.008048751,-3.360350919,-0.739592463
105,0.956740921,-8.537919026,0.042227181
106,3.639233429,8.365985335,0.394410803
107,-4.474143792,6.295141381,0.983709391
108,2.72100468,1.818840781,1.377691633
109,-7.165423517,1.633946866,0.225843642
110,1.1172199,8.355283949,1.775843179
111,7.356748717,-8.834915459,0.322659045
112,6.391771452,0.890118052,0.885518927
113,5.275558115,-5.384532953,-0.06307897
114,9.867091122,-5.870005963,-0.026508009
115,0.560523641,-3.149337478,0.53937453
116,7.448401411,5.746846045,0.407880917
117,-7.596878985,0.439522085,-0.541623751
118,3.910484394,7.660512801,0.286004028
119,-0.81474019,7.003828734,-0.067679111
120,-5.870908284,-3.849294252,1.050785629
121,8.193493706,-1.630333297,-0.055310927
122,-1.060256057,0.601602232,-0.306516505
123,9.471234173,-6.683756571,-0.436383951
124,7.573976641,2.387312498,1.645818308
125,-1.841178755,-5.739520099,-0.446392608
126,-4.11644535,-3.461604581,1.1421971
127,5.775091978,9.000561858,-0.07490583
128,-1.990654503,7.912675634,0.08513124
129,9.77993438,-4.207308406,0.527398462
130,4.619851671,8.833725325,-0.438486085
131,3.937426835,-2.193699367,-1.526635782
132,-3.429476344,2.307748895,1.024443618
133,2.042048287,-9.515132963,0.981232703
134,-0.458970169,-6.053023113,-0.214889646
135,8.010606823,8.751899826,1.610998686
136,7.253237709,6.890570183,1.395637357
137,-6.859459367,-3.504578139,-0.189836764
138,-7.303114885,-5.62898209,-0.243544
139,-6.315457618,-9.166116632,-0.288053353
140,-6.19888038,-5.514663525,0.779278349
141,6.776406328,8.453889599,1.298853033
142,-4.907783085,-3.127539015,0.966918053
143,-6.656747563,-0.278996758,-0.640325657
144,-6.149623703,-9.951980166,0.636282273
145,7.097842626,-2.770969974,0.365294618
146,3.48415682,6.364746984,-0.254432095
147,2.444883971,-3.107369129,0.60748002
148,5.569603917,-9.26301037,-0.815608545
149,0.782619911,7.19009128,1.492740551
150,3.723907048,0.101054545,-0.449075734
151,1.23397007,9.729777029,0.643516032
152,-3.012674241,6.157721175,-0.253696837
153,7.912891758,9.86364996,0.573346666
154,1.848849685,-8.43492957,0.1256488
155,-9.556408593,-6.322411646,0.092034562
156,5.889579428,-7.753150353,-1.378441879
157,-3.685874971,-7.217216298,-0.286219037
158,1.399138121,-8.210297527,0.048114587
159,9.9373531,7.494636651,0.445704304
160,3.793962805,-4.461098249,0.361520739
161,6.167714945,0.248010754,0.130262135
162,-9.152674104,6.986497288,0.377988812
163,-6.922097308,-2.351028811,-1.307072426
164,-3.428866456,7.631297259,1.258646927
165,1.722198189,1.062258948,1.862018207
166,-6.96936016,-9.375301159,-0.683039022
167,-6.101618951,1.223379976,1.120825907
168,-2.267400919,3.083625037,-0.709089998
169,-3.260023348,4.608016174,-0.876404061
170,-3.13392275,1.165482321,0.9113088
171,-6.885215347,6.068918514,-0.778947818
172,-4.372313642,-9.195961212,0.715904266
173,2.695376622,0.925476282,1.23046248
174,-0.167827061,-1.922810885,-1.105720355
175,2.026385456,-2.374491447,0.20395073
176,-4.433207095,7.087926492,1.681932438
177,2.411441692,9.93610329,0.177648629
178,3.339041277,-0.746863557,-0.875508678
179,9.520024894,1.398572678,0.890103143
180,2.15401853,-4.085269492,1.644413658
181,4.533258232,0.910170074,-0.194390832
182,8.49931227,9.229359751,0.993077747
183,7.643217392,-5.436387729,1.727034327
184,-4.005465478,-6.59394108,0.454585351
185,-0.044164728,4.982203425,-1.007970745
186,0.955244261,5.780600278,0.334762293
187,2.935091353,-4.150158804,1.051105161
188,-4.2178751,0.293360208,1.169370032
189,7.549941384,1.320235982,1.922908358
190,-0.417773642,-3.354934199,-0.193999717
191,4.127352792,-2.091545476,-1.701138801
192,-7.030495359,-6.411206321,-0.807339694
193,-4.479715377,-2.771952322,0.611773315
194,2.588644412,-2.897154484,0.283187168
195,5.450276056,-0.628370692,-1.32771908
196,-5.039321274,4.385900378,-0.000142394
197,1.707590827,-3.943689071,1.709473315
198,-2.799796116,-9.590737003,-0.169981975
199,-1.704744501,-1.15311541,-1.905074463
200,9.91636202,2.298514285,0.27467132
201,3.407691577,2.495831531,0.338836805
202,-9.78502497,1.806481376,1.324860002
203,-8.636429878,-6.730747677,-1.141958897
204,9.154642932,-8.684032442,-0.407976695
205,4.760789683,7.405087495,-0.097901352
206,1.622634258,3.998648389,0.242738383
207,-6.734276664,9.015208713,-0.037733745
208,6.916014374,4.718635114,-0.408552132
209,-8.287684226,7.29358247,-0.060373007
210,-9.607748603,2.459284623,0.812537436
211,4.170842182,8.603054521,-0.12459188
212,-7.938549985,1.859564344,-0.037830791
213,0.31901073,-5.965041617,0.626431302
214,0.034532965,-4.328177474,0.961620372
215,-7.899824668,-1.791780126,-1.974631675
216,-8.885574955,-6.425329608,-0.655118353
217,1.34102442,-7.451800802,0.053508821
218,2.560950804,-9.015274842,0.150407129
219,-5.212908001,9.73120962,0.575675161
220,3.633538358,-3.225908839,-0.388125438
221,-6.638760248,-5.034871356,0.600322223
222,5.990446934,4.053002701,-1.078943544
223,2.281611884,-6.297341989,0.743673807
224,9.071338275,-0.240477267,0.107960732
225,-5.842035217,7.490398828,1.361608418
226,4.918904635,9.308938629,-0.863170887
227,7.713437274,-3.768239042,1.576571527
228,4.439229766,-5.837803894,-0.532121309
229,0.236757702,1.153294351,1.148656701
230,-4.223357357,-5.296783983,1.7168342
231,-7.901082607,5.450709637,-1.738490832
232,-9.168130559,-2.808366761,-0.580932363
233,9.993128574,1.354811787,0.438523177
234,3.682019349,0.377297783,-0.14609226
235,-7.88421548,8.435256372,-0.163779608
236,-0.775712564,7.726716279,0.29168772
237,9.981738431,3.440061881,-0.822665949
238,8.499226173,6.823748306,1.313571525
239,7.174782717,4.950212075,-0.193776945
240,-9.440241776,-1.145531319,-0.895466234
241,3.788925702,-4.775819845,0.394927798
242,3.115043863,3.654918313,-0.464531321
243,-8.071304275,-8.393966273,-1.834194809
244,5.519383747,-5.838951429,-0.261905724
245,-7.765731101,5.247575264,-1.856282088
246,9.388133529,-1.467556547,-0.958039275
247,9.62980103,3.322820315,-0.383827011
248,-3.203174488,-7.318854062,-0.798660661
249,7.164145466,7.338246811,1.641280851
250,-0.72910427,7.327359034,0.198307642
251,5.726260136,-0.012248112,-0.540826332
252,-0.764944273,4.929642119,-1.66899001
253,8.69512096,4.276842902,-0.240025782
254,-8.069839047,0.625665915,-0.391155933
255,0.950276761,6.42934206,0.959213407
256,-4.507978764,-9.910165197,1.445731777
257,-3.597679482,-8.791971652,-0.1509717
258,-4.898611162,-0.320030608,0.668115086
259,1.674052273,-3.345822333,1.197486748
260,8.933398228,-9.390433658,0.437505271
261,-1.980118985,7.71995634,0.073641439
262,6.183392278,5.537239344,-0.778294351
263,-5.734076088,-9.502365638,0.599437465
264,4.802576163,3.486427342,-1.333976994
265,5.170158993,7.275553578,-0.059717189
266,5.939749349,6.57728114,-0.04684976
267,0.010148111,-1.307199393,-0.95531109
268,6.476618734,3.819875773,-0.435227684
269,-7.343258584,4.426748255,-1.831872614
270,-6.336133624,-3.798708786,0.557912493
271,-5.697851575,-6.782695057,0.073482342
272,-9.720835483,5.873000594,-0.107027199
273,3.368915573,4.587026855,-1.217522581
274,3.297645175,-4.791886857,0.841421791
275,-8.560558163,-9.635734532,-0.551193601
276,7.528966023,9.885649862,0.502916534
277,-8.899430299,-7.241518322,-1.319748195
278,-3.964577782,4.905860205,-0.248163661
279,-3.405919951,4.376730703,-0.682933695
280,-1.745442693,0.072734032,-0.912118129
281,-8.830090866,-2.10330972,-1.421783338
282,-9.186996134,-6.061643682,-0.015813616
283,-1.246160487,4.321965833,-1.872515045
284,-2.422831508,-0.194259435,-0.851492741
285,-0.581913086,-2.0437041,-1.439870788
286,4.848004473,8.140259555,-0.031516732
287,-1.111275025,4.843515349,-1.887680161
288,8.697446988,-2.832467673,0.360653162
289,-5.823605844,3.771732217,-0.145686278
290,3.847465979,-5.150061202,0.257041986
291,7.108294705,6.303378744,0.754814074
292,7.968951453,-6.410636529,0.866291794
293,-2.454467823,7.018910253,0.036807675
294,6.810146512,0.461815856,0.948483594
295,-4.471163951,6.968740764,1.604149124
296,3.146978952,7.275942119,0.832149163
297,-6.695806011,1.674422171,0.593624187
298,-8.653450119,6.064938073,-0.913606665
299,4.108446584,-9.883440273,-0.380354091
300,7.705513973,1.408627373,1.975878315
301,-9.172288113,-6.886730421,-0.817380463
302,1.514323789,-3.448132897,1.300167825
303,9.573811141,-0.699401873,-0.792242199
304,-8.075012731,-5.478861443,-0.255310074
305,-0.662399885,-1.412569698,-1.602519236
306,-2.491433808,-8.624425728,-1.322914302
307,4.225845073,-0.88193064,-1.655921664
308,-5.180181148,1.036653927,1.753271564
309,7.376437498,-9.693306787,1.153439588
310,3.535166288,5.631404106,-0.990094698
311,7.133956278,-3.241185486,0.851217285
312,-2.774898052,6.934021429,0.247320068
313,7.811392127,9.666306097,0.759906519
314,-6.144036625,5.551718323,-0.529262001
315,1.779557556,6.922557174,1.574979899
316,9.446932266,9.699249277,-0.293190574
317,1.796372992,2.545240958,1.536292934
318,-4.333516846,-1.312290998,-0.037690756
319,1.134768669,-5.8773883,1.301187664
320,-6.790253997,1.980132183,0.431768486
321,3.776818687,5.778049896,-1.077285416
322,-8.985413351,6.952320005,0.194943003
323,5.659415855,-6.460945268,-0.760924178
324,2.308157917,1.147545766,1.652003703
325,7.31322626,8.204675815,1.796454525
326,8.272174661,2.421868026,1.573001882
327,-4.631370648,-4.072190467,1.798697
328,9.533724738,-7.242853499,-0.927732608
329,3.878716774,3.800055366,-1.284063062
330,3.325433309,-1.866863597,-1.139298148
331,-8.727013347,0.164425173,-0.478821077
332,9.210571144,-6.220232741,0.275483434
333,5.105196035,-2.593165998,-1.445183476
334,3.22889038,1.029922023,0.770071955
335,-6.181455639,-8.393303007,-0.756503097
336,-6.456993556,4.799790133,-1.169117415
337,4.859101851,-3.856647657,-0.333598009
338,-9.857804921,-2.532093345,-0.152836706
339,1.266750057,-5.751796266,1.460864245
340,-2.398409028,1.042005894,0.186782418
341,-4.222715285,-3.268404624,1.00895874
342,-5.742831599,-6.771950486,0.044903332
343,9.034161754,3.707055949,-0.155048774
344,-7.290609697,-1.99566224,-1.756553183
345,-0.00292258,-1.969744315,-0.924392733
346,1.775798279,3.835757706,0.339316655
347,8.303205993,-5.307404701,1.728923896
348,-4.597154141,5.584387652,0.350070192
349,-7.065253683,-6.322719968,-0.744272713
350,-6.206135698,4.90438496,-0.904651925
351,-4.657477002,0.684868981,1.631064258
352,1.372956169,2.190444948,1.794575956
353,1.930126729,5.685895543,0.373728948
354,7.197768812,-9.296871899,0.664750953
355,-7.844682375,7.804628341,-0.001174389
356,-1.294920442,2.366716857,-0.262559649
357,0.972128445,-8.335070035,-0.060404744
358,2.336959883,3.118847458,0.743319298
359,-9.831580335,-3.635941975,0.87013366
360,-5.821213088,-7.804223144,-0.553047848
361,-6.072479865,-3.40295447,0.467546151
362,-7.379316898,6.469207151,-0.704495156
363,-3.10559849,8.503779401,0.760219779
364,9.331543968,6.6807608,0.480283058
365,7.35307441,9.373774904,0.928128201
366,8.633188885,4.965850091,-0.256579489
367,4.763213042,-0.090035975,-1.088623114
368,-0.699997773,6.663196059,-0.27328553
369,6.719227088,8.619451945,1.143411502
370,0.419196637,-8.677733162,-0.272446719
371,9.708914121,2.231444647,0.509266217
372,-3.635792606,-3.009078435,0.342200749
373,6.470468052,-8.407991921,-0.664231701
374,-5.178460474,-7.15905096,0.125242475
375,6.377897075,5.704959519,-0.45196878
376,-6.302828985,-6.18482467,0.078559695
377,-2.311053312,-9.886312388,-0.292972742
378,2.103807779,2.177172077,1.682999616
379,7.946535599,1.629940367,1.993971439
380,9.80522326,4.421958882,-1.329454766
381,-7.321532205,3.515232636,-1.2265729
382,-2.704117333,-6.731773259,-0.857347528
383,2.248501037,7.878334645,1.778717411
384,6.547381276,8.768732321,0.871121372
385,4.82631951,3.164558041,-1.016480303
386,0.331296664,7.520725414,1.270251629
387,-7.609871494,7.608079721,-0.000434616
388,3.362003345,-7.549218646,-1.172548497
389,5.984067325,3.232257321,-0.385217974
390,-8.702662594,-1.466893364,-1.655580482
391,-0.659563739,-4.335471304,0.317031368
392,-9.03372033,-2.662382484,-0.842244871
393,6.485080454,9.169168208,0.453361741
394,1.838633072,7.761487758,1.960071139
395,1.660055757,4.142845793,0.153871623
396,2.947807723,2.26140446,0.963433124
397,9.459009338,-2.16726832,-0.861547229
398,-6.555683324,3.306591371,-0.433389184
399,-1.639694808,1.222720917,-0.057596528
400,0.470872497,7.965304103,1.447474054
401,-4.065033503,-2.208630152,-0.005706062
402,5.994394933,0.252028937,-0.035423589
403,6.575060476,-0.450750031,-0.147892184
404,-1.664485261,4.016179492,-1.762893003
405,-5.687685801,-1.867498052,-0.395383648
406,1.358765077,6.152175669,0.846970268
407,-4.219299622,3.399504933,0.625812278
408,5.524634209,5.379239566,-1.473644024
409,3.092078978,-4.514566198,1.029990248
410,7.289836283,-2.805332101,0.515086497
411,8.985475869,8.45681587,1.2490399
412,0.035792123,-1.317287713,-0.932253934
413,-3.092436217,-2.865795692,-0.321450508
414,1.638143192,-8.879380403,0.478975045
415,-1.432744197,-1.529711506,-1.989642067
416,-5.425952265,-7.038418173,0.070576157
417,1.615412083,0.232943668,1.229847564
418,6.020817283,4.762703629,-1.258102749
419,7.024085804,-7.319120362,-0.185386723
420,-0.464676289,5.421593549,-1.207013563
421,-2.769665032,-7.125952505,-1.109899202
422,2.428016796,-8.448444837,-0.173907867
423,-5.330714178,8.907871009,1.309043993
424,4.538198321,6.95256832,-0.364364868
425,2.901207283,-7.876517411,-0.761669146
426,-9.607102015,-9.446764788,0.20330065
427,2.884513152,2.806755834,0.582872175
428,-2.435090904,-8.683435313,-1.324455655
429,-6.567431825,7.091816899,0.442908698
430,-5.584589395,9.888823465,0.195573699
431,1.343489737,0.710160514,1.62623239
432,-6.527206986,-9.627882919,-0.039895669
433,-9.094029773,1.295667997,0.637639587
434,-1.443125001,5.833032308,-1.426964377
435,9.270193483,4.315543459,-0.768315276
436,-9.604842862,-8.017374272,-0.807587668
437,-6.056781253,-5.842371392,0.651150521
438,7.280620695,-0.214592328,0.627133429
439,-8.712694082,-4.850692709,0.337038586
440,6.170616094,-0.115776998,-0.22785014
441,-2.89623336,-5.291932719,0.593807732
442,-7.727514301,-8.409919247,-1.841419658
443,-3.663132508,-8.911023253,0.006765165
444,-1.30027373,2.126748794,-0.114233213
445,2.781794456,-3.496138637,0.699249982
446,9.513610517,7.355155797,0.789429111
447,2.781807521,1.401202478,1.337726531
448,-9.587380196,-5.573842633,0.813221801
449,9.317031369,-6.811643899,-0.396664567
450,8.266819462,-7.306299288,0.062252307
451,-9.750524242,5.915667835,-0.039283881
452,-0.291434685,-3.67093573,0.217639725
453,-0.015493779,-7.919312777,-1.013359839
454,-9.558455324,-7.538082203,-0.817237745
455,-6.204467559,-9.267784817,-0.077712563
456,-3.077758069,-1.190247106,-0.992252019
457,6.014097871,1.96464249,0.657588133
458,-2.036689662,6.759180731,-0.435197174
459,-5.22754363,-7.058742877,0.170102235
460,4.000381562,9.525636034,-0.857739012
461,-7.378756446,8.22044603,0.044410333
462,-3.373248868,-6.268969253,0.243805385
463,-4.731191357,2.156024187,1.833409481
464,0.27590702,7.185487175,1.057175461
465,-9.630552954,-0.584645675,-0.347578078
466,-8.683798557,-1.02306227,-1.52871756
467,-9.60161776,-7.262364726,-0.654120468
468,3.783517778,4.693055223,-1.598551576
469,-3.832993605,5.960925036,0.32090575
470,-8.116176048,2.39611561,-0.287501109
471,6.870491764,-4.54994288,1.540955455
472,6.074711107,-2.138797097,-1.049945518
473,4.625400158,3.595690953,-1.43487103
474,-8.380605568,-2.969583266,-1.035671292
475,5.083256456,-4.527274649,0.050901911
476,2.691873638,-4.09366973,1.249334455
477,4.169081993,2.326082076,-0.12792806
478,-6.274487527,8.573325603,0.760935815
479,6.113772307,-1.612290195,-1.167743035
480,-0.666230138,-1.977653335,-1.536395799
481,-2.918532442,-0.705848933,-0.869895203
482,-7.328794788,-5.590180585,-0.226378591
483,-2.303325564,-3.809361271,-0.124249913
484,-4.171001058,-9.534697233,0.966692336
485,-2.901850324,2.036191173,0.656192104
486,7.827009297,-7.567525375,0.040385072
487,-2.156410672,-6.513154881,-1.061320586
488,-2.386148281,-1.187726503,-1.613133826
489,5.124956662,-5.101706374,0.009074065
490,-5.504947564,-1.819386832,-0.267234658
491,0.869254585,8.251524805,1.685863009
492,0.412096399,-2.651913234,-0.069811903
493,-1.326930091,3.58787937,-1.402030631
494,0.65565811,-8.558981734,-0.151930463
495,-0.443151489,-0.461681768,-0.874243091
496,-1.538477157,1.474725193,-0.004089064
497,-5.253298499,-0.777249202,0.155919529
498,-3.697528961,6.224539326,0.469126468
499,-3.628853002,4.157097229,-0.381539828
500,-0.776920671,-7.147867442,-1.461975996
501,7.088020905,0.94922128,1.533678974
502,8.069545975,-6.977041608,0.337349239
503,0.24851364,-6.716758743,-0.174152731
504,3.21616166,5.439611878,-0.82152341
505,-8.451835801,4.254882764,-1.723702163
506,-3.687584331,-5.367612431,1.312177637
507,5.180203768,-8.927149669,-1.369898634
508,0.469147994,4.024792622,-0.320647293
509,0.522917643,2.827138108,0.808707815
510,-5.808067873,9.861816498,0.034184665
511,-8.015569115,-8.549895803,-1.754441085
512,0.229104026,-1.166690204,-0.692349182
513,2.686168352,0.555559735,0.967262345
514,-6.488681423,7.319162836,0.656308136
515,-2.838119157,-5.42314355,0.459033031
516,9.553610463,4.169224233,-0.984553686
517,-5.870558677,6.467261714,0.584055509
518,-0.952476692,0.333641754,-0.487367533
519,7.676235406,0.591402288,1.541770379
520,6.538728401,-5.333755628,1.06585453
521,0.620352738,-7.024272305,-0.093768017
522,-1.381492049,4.912444344,-1.962190968
523,4.218221313,4.22595858,-1.764370969
524,9.757908233,2.289842685,0.425431398
525,-6.955599258,7.939991023,0.373427189
526,-7.745303063,-1.784759482,-1.971297372
527,7.755574449,2.640603055,1.475455677
528,-0.534356384,-3.753625472,0.06524522
529,5.254780775,0.02944968,-0.827031099
530,-6.843719863,-7.247252706,-1.353156548
531,-1.949063746,-6.837095488,-1.45532264
532,-2.878551161,1.386361356,0.723021403
533,7.008299893,-6.756083507,0.207752884
534,9.456576825,-8.353208478,-0.909746475
535,-6.37732968,6.646787687,0.26163803
536,-9.060168648,-0.44210945,-0.784431362
537,-7.068043887,-9.519120246,-0.612522736
538,5.893094352,9.994801626,-0.919924511
539,1.132708372,-2.385906006,0.219775852
540,-2.821200239,0.865779375,0.446661537
541,-8.428394572,-6.789893785,-1.324813372
542,4.486951142,5.843150521,-1.400667267
543,7.491542976,7.31053536,1.790966703
544,-0.224260159,2.736540522,0.171681566
545,-4.437602834,4.028647261,0.187268733
546,-8.62036186,2.626616577,-0.227911784
547,-7.072431911,-7.455550998,-1.631493795
548,0.914309787,1.088510364,1.678078509
549,-1.269765221,-8.618996758,-1.676403152
550,3.475081704,3.20377725,-0.389486366
551,-2.183958815,5.52635365,-1.504453698
552,-2.788787945,-6.456153021,-0.517637655
553,6.412923623,4.693114768,-0.870439596
554,-3.28212015,8.212584509,1.076453512
555,-3.489842552,-8.423924966,-0.500678268
556,-1.671738652,7.999020837,-0.005409407
557,-5.965375765,1.388166385,1.295856001
558,0.305812712,7.80157581,1.299695407
559,-1.695074585,5.61135565,-1.614706463
560,-9.482205647,-4.783554162,1.054864952
561,0.481284346,6.340769484,0.520470361
562,-8.323845477,-6.450246236,-1.057914862
563,6.320370328,-0.109925986,-0.072528281
564,-7.654198965,7.453104504,-0.059390662
565,5.466314845,6.615879123,-0.402416902
566,4.703271013,-8.962915214,-1.445574886
567,6.048730828,-8.206863024,-1.170693216
568,6.627184691,3.348426164,0.131892917
569,-5.85800478,-6.055247135,0.638454751
570,-2.671850142,-8.720715081,-1.099976525
571,7.032238349,-2.383656838,-0.006478208
572,4.926431494,-4.955459208,-0.006576627
573,-8.585253176,5.302592161,-1.575153468
574,-4.775510062,2.693961431,1.430839883
575,5.42537558,4.542941455,-1.742089815
576,4.412570071,9.670243832,-1.198398247
577,-2.000245558,5.528252983,-1.594434592
578,6.721715946,8.61777059,1.14683012
579,6.831991007,-8.963955979,0.076984191
580,-6.406052003,3.330807957,-0.310646053
581,-3.52896437,7.129517845,1.126611076
582,0.507769646,6.432219065,0.634712176
583,9.291974525,-3.576832542,0.554041346
584,5.595787285,1.554923312,0.365345762
585,-6.098679386,0.503935358,0.666336282
586,-8.590264894,9.932698984,-1.227331383
587,2.911023729,6.728304674,0.659097048
588,6.599960688,-8.695889174,-0.354537168
589,-7.762028836,-6.029833414,-0.745125065
590,-0.588862652,-8.295602137,-1.459475834
591,-5.039429221,-3.793759412,1.553907193
592,2.86011921,3.86865304,-0.386904823
593,8.869736796,-3.34454604,0.728541261
594,5.659411766,9.348365133,-0.507763732
595,6.413919257,-5.079758383,1.063637248
596,-7.572368241,-8.600492971,-1.694670737
597,-2.661291812,2.385658907,0.223922392
598,-9.914231322,0.522818473,0.969467586
599,9.869993635,-3.642978957,0.049989134
600,-9.326123715,9.017441055,0.297671243
601,9.786643434,-5.134483658,0.558213301
602,2.249131881,-3.306637693,0.942914992
603,-7.592484375,6.496240965,-0.754556529
604,-3.806049972,-9.28971633,0.481980616
605,-6.08353429,-3.128085633,0.184820682
606,2.96407377,-9.799554755,0.542652819
607,6.474904538,8.512377,0.98152195
608,-8.587825038,-4.489276876,0.232607716
609,-4.808384376,4.445431176,0.030818095
610,-4.690626905,-5.522996068,1.688821816
611,3.184672005,-1.881659666,-0.995135874
612,2.382032831,-1.646058601,-0.30856681
613,6.021315775,-4.15101242,0.5876363
614,-6.254303917,6.144260625,-0.109600862
615,-7.649534369,-5.925247744,-0.628830097
616,-8.881597945,-0.538283126,-1.029523572
617,4.444474263,-3.601857925,-0.520139223
618,8.634340364,1.413259781,1.698277965
619,4.010345262,-4.972253847,0.202900718
620,8.116212607,-2.275922431,0.204284208
621,-1.343239925,7.327203154,-0.109789397
622,-5.060971741,-5.301195472,1.771461846
623,-7.388890311,-3.260450422,-0.775202499
624,7.548693064,-2.322769951,0.223418111
625,-4.591212966,-8.559081399,0.231120269
626,4.430905194,-9.325637225,-1.059622737
627,-3.911226155,-7.734728405,-0.297025678
628,2.464845127,0.579108011,1.173538271
629,0.48815041,6.473551292,0.658211412
630,-9.434426384,-4.041392281,0.792850614
631,-4.711952678,0.050333344,1.050311998
632,-9.856757672,-0.053734859,0.364960471
633,-1.233104306,-1.942391751,-1.875271064
634,7.94039085,-7.180711088,0.214482532
635,-9.492882385,8.160139386,1.021550438
636,-8.389783713,0.568684687,-0.321335201
637,3.179590367,-1.479107486,-1.033788092
638,3.181426566,0.780498146,0.663810092
639,-0.268683331,-0.775327281,-0.965412092
640,-5.688897511,-6.500066316,0.34473405
641,-5.730633019,-6.404353912,0.403989087
642,9.007752666,9.400180196,0.429637767
643,-6.854361694,-1.269187913,-1.495482011
644,4.220982094,-3.607149746,-0.432749195
645,-0.030146814,2.768884314,0.333996915
646,7.674189024,3.425938445,0.703351228
647,6.289337272,7.835079066,1.005973278
648,-7.109996372,-3.10657773,-0.770783257
649,-8.069110542,3.664655966,-1.476485088
650,-7.478281109,-3.715470305,-0.387358229
651,5.640658539,-8.626774574,-1.315183851
652,1.710295015,7.365132522,1.873159738
653,-4.815776472,6.21567193,0.927198171
654,6.21656785,2.924797423,0.148532787
655,3.775826302,-2.974961785,-0.758421203
656,9.765258953,2.687384413,0.104810458
657,-3.743930511,8.155688176,1.521401226
658,1.301274895,-6.854946954,0.422784093
659,6.950223322,6.492697973,0.826644845
660,2.069558417,-2.634692007,0.392705412
661,2.709947318,1.629165451,1.416662798
662,-9.423917228,-7.242589473,-0.819710433
663,7.081911788,-0.964126594,-0.10508303
664,5.272818609,-5.119285355,0.071326718
665,9.230850002,-2.821827943,-0.121628506
666,1.916627724,-6.746819954,0.49359195
667,3.851303602,-8.560053673,-1.412530935
668,-8.314299164,1.358286138,0.081593075
669,1.024067844,-8.166765707,-0.097250638
670,5.837723334,-3.483099089,-0.095967904
671,2.004254564,-9.454719663,0.937455908
672,-5.217709979,-7.031944022,0.194289127
673,8.50904235,0.153512406,0.94592111
674,-2.051257901,5.396058566,-1.662041761
675,-1.13248959,3.358354988,-1.120540448
676,5.927880916,6.82347809,0.166511331
677,-8.677358107,2.072244536,0.197138705
678,-6.026422848,-6.30039404,0.2367426
679,-4.698224217,-4.637122897,1.997068527
680,-0.545677488,2.799028123,-0.183093593
681,-4.048912104,-7.907844738,-0.210694005
682,0.924731687,-3.273514245,0.929998533
683,-7.432783141,7.571841946,0.047862337
684,2.561221569,9.111479281,0.856532712
685,-8.621906964,9.387095999,-0.68168033
686,-2.44813005,1.097149061,0.250706685
687,-9.018555236,-4.855521731,0.594631709
688,-0.256849698,-2.572100209,-0.793239529
689,-6.942676152,5.590703642,-1.251163739
690,-1.160151977,-3.83080265,-0.280936092
691,0.63132119,8.736983758,1.225046224
692,-5.853559192,-1.302712133,-0.547749208
693,4.827667896,-8.16906047,-1.944134692
694,-9.255141968,0.553297129,0.356671688
695,-3.27053138,6.126428966,-0.027533394
696,-4.988772214,8.805307693,1.542652606
697,-1.392633741,-4.381807378,-0.038317264
698,5.643083678,-1.595903998,-1.596961773
699,3.752599075,5.849295212,-0.994095683
700,2.318394281,0.621557488,1.315626145
701,-2.700188533,-7.266842359,-1.259738298
702,-6.542933156,-1.169959617,-1.177571709
703,-5.912624266,5.687399739,-0.1990207
704,-9.834623991,9.978028964,-0.126987907
705,4.838161501,2.927366597,-0.779509817
706,2.514228495,8.386562107,1.448512566
707,-8.868564098,6.512392112,-0.30076943
708,-1.941638513,-1.168786259,-1.852298844
709,1.699396462,-1.012594428,0.143533525
710,5.246646016,-9.269956677,-1.014850709
711,-9.522892864,-6.190578342,0.190432217
712,-5.346354195,4.427723466,-0.154070565
713,-8.944495361,8.866605515,0.067607085
714,-2.454561693,-1.314491993,-1.601577981
715,9.863651296,-0.973193795,-1.251606797
716,-3.701150537,5.909413209,0.165681879
717,-0.87217625,7.660560214,0.215621894
718,4.395137934,-4.404107056,0.002759719
719,-3.925012904,1.199563555,1.637587651
720,-4.237921832,-2.699125844,0.461366271
721,1.088371862,8.958631645,1.335319858
722,7.880506629,-8.809904229,0.422792848
723,6.746642716,5.467517266,-0.281140157
724,5.414278296,5.250049891,-1.622532637
725,-4.648659389,9.808407508,0.623681306
726,4.812278028,-0.710693092,-1.647374465
727,3.661968211,-8.424301525,-1.338934328
728,5.068703669,-4.438758537,0.025607488
729,2.675506606,-5.942122031,0.783882581
730,2.534105028,-0.69894677,-0.072605384
731,-2.54543603,-3.288374069,-0.415211315
732,-9.051704361,-5.892351952,0.016479741
733,2.931953225,-0.215529065,-0.005757046
734,6.775187597,-5.913785379,0.833447534
735,4.933285969,2.364151066,-0.274242998
736,-2.825108251,-3.159958339,-0.29286284
737,0.205018835,9.872314221,-0.229160148
738,-2.202241181,-4.678357756,0.192245557
739,3.488877394,8.690919688,0.329393845
740,8.74701343,3.221175688,0.547554159
741,1.080746434,-6.939088564,0.272434056
742,-1.452259375,-5.932704891,-0.64963366
743,2.082393186,-1.851581124,-0.088874414
744,-2.73573371,-2.248238596,-1.173986529
745,4.158863038,7.690625253,0.136010729
746,4.351779459,-9.208098936,-1.150669426
747,8.992450274,-8.760447456,-0.197546699
748,-5.286749075,-5.072799596,1.775292229
749,5.087191281,-4.635960271,0.066500732
750,8.071621242,2.534540096,1.546858948
751,-1.743827562,0.261073943,-0.726949157
752,4.284687259,-5.432990669,-0.158512585
753,7.114103033,5.37334265,-0.05085675
754,-6.116536847,-9.118276792,-0.135846543
755,-1.458438354,1.543961701,0.005945492
756,-1.309283452,-4.077683162,-0.160753778
757,6.608173211,-7.893340366,-0.679928222
758,-3.947235962,-6.456257884,0.549066548
759,1.829710371,-3.17879633,1.003863681
760,4.228602709,-0.109520085,-0.994541421
761,6.604046286,3.15245554,0.304521043
762,0.885314126,9.255111802,0.942967192
763,9.603267187,4.02548067,-0.950753306
764,0.190113259,3.078333089,0.252187496
765,1.305551155,-3.245991645,1.06923771
766,-7.076732466,6.692340276,-0.315011259
767,1.194662775,-9.047250612,0.561468761
768,6.577312559,4.700531916,-0.710025014
769,4.568501693,-5.446833022,-0.247462614
770,9.885565747,-4.373400705,0.498437713
771,-1.501897611,8.683501283,-0.322397274
772,-4.653798105,-5.335015147,1.810633803
773,3.05797115,6.75251992,0.53581703
774,-3.509445471,-2.238525949,-0.425616795
775,-3.431409359,-6.889317751,-0.28391657
776,-5.219921959,2.486571468,1.483122239
777,4.801783658,6.18046226,-1.098549443
778,-8.269734262,3.220199013,-0.993338043
779,9.757863691,-7.997357745,-1.316699953
780,8.752019891,0.564204503,1.157889236
781,-6.221319239,5.762317629,-0.435806327
782,-5.110563906,8.226662002,1.853124912
783,3.513934689,-0.536323397,-0.874777051
784,-9.274185307,4.384458947,-1.09673518
785,-5.391798642,-0.589174837,0.222268612
786,-0.209997477,-4.755075069,0.790631655
787,6.576888875,-1.74635747,-0.695129507
788,-7.194731491,0.579798575,-0.242596318
789,-8.233082644,2.625775993,-0.435752296
790,-2.172252569,8.503439057,-0.028100442
791,-7.162708848,-0.906342352,-1.557688813
792,-1.51463302,6.850920383,-0.460699432
793,-8.238945786,5.091369896,-1.855854048
794,3.573982379,4.680691934,-1.41853948
795,4.477711956,-4.934009817,0.00295296
796,5.499356363,-8.400125111,-1.560530238
797,5.729169968,8.086594017,0.446961328
798,-3.835135288,-3.460909508,0.953183446
799,8.870958162,-3.683426173,1.041647632
800,3.847503208,-8.312363898,-1.545496565
801,8.218263969,-9.30309716,0.81299894
802,3.283955753,-0.713215773,-0.796151818
803,6.539984957,-3.685545896,0.77150915
804,8.493580689,-8.901338239,0.302472887
805,0.801709791,9.896860001,0.263804682
806,1.174101268,7.237702787,1.738377904
807,1.721205899,7.718786262,1.979584806
808,-4.289344708,-6.859202486,0.367155259
809,-6.729832673,2.583162997,0.097910837
810,-4.944436715,6.572370417,1.258368783
811,-7.172520512,9.358970503,-0.710893176
812,5.297553476,-2.910101493,-1.063050402
813,-6.578617881,3.437421339,-0.582686349
814,-6.77377166,9.30750341,-0.354137249
815,6.650741085,-0.440019955,-0.066621981
816,0.37048125,-3.798781109,0.972957406
817,2.953795679,-7.695896992,-0.800835566
818,3.353069589,-7.280063122,-1.049684123
819,-1.281097442,7.679892764,0.026554829
820,9.257075753,5.487816025,-0.547204924
821,8.007051079,8.515560347,1.77733104
822,-1.053244948,5.133489231,-1.781672997
823,-0.784285432,-8.921074248,-1.18899208
824,-9.34527755,-9.836686385,0.320942164
825,8.804640277,-7.247959567,-0.240773142
826,-3.938428975,2.584902595,1.243527277
827,3.968682728,6.753377769,-0.282906542
828,-0.037399392,-9.936950039,0.452681089
829,-8.865758676,-3.532893625,-0.148963653
830,4.363459372,-5.009319029,0.016500009
831,2.312290844,9.246101139,0.915187616
832,-9.686914276,0.566453322,0.795787186
833,3.580810415,5.604501717,-1.053000478
834,-8.688138542,4.214968004,-1.550618517
835,-9.640871163,9.308185198,0.330744117
836,-6.348054608,6.510869105,0.16089789
837,-5.119042704,8.830062429,1.478722692
838,6.782557218,-5.517447711,1.171943143
839,-1.945553451,9.155281939,-0.66435087
840,-3.848481811,-2.814386977,0.328073258
841,-6.285784821,0.01254336,0.00994352
842,9.954513803,1.980564369,0.411907852
843,4.317189353,-6.382990025,-1.022558835
844,-2.26291701,1.201107564,0.162545461
845,3.380461433,-6.549978924,-0.50024353
846,-6.806337274,3.065499931,-0.423593689
847,-3.205558013,2.109508817,0.922291674
848,-1.321243335,-8.426485191,-1.809570255
849,-9.177506064,5.061590409,-1.18440599
850,-9.740580317,9.762834541,-0.021075046
851,8.882597619,5.762010384,0.01810545
852,0.856737056,-1.313741208,-0.211433193
853,9.685496791,0.971270002,0.567827824
854,-2.535326285,-9.558622189,-0.436358245
855,0.314540576,9.297996335,0.435821879
856,1.397378798,-6.840056211,0.456468368
857,-4.115692686,1.691868733,1.819876205
858,9.765663272,8.223497468,0.598180726
859,7.876429795,-5.141645743,1.909023383
860,4.075443272,8.583654376,-0.058523422
861,0.749263596,-3.43703589,0.972263668
862,-5.429228104,9.488883531,0.689824531
863,8.573531775,1.674254987,1.746755208
864,2.670331808,-2.304101251,-0.288956328
865,-7.463697885,6.97249,-0.28880037
866,8.676761682,-0.364370081,0.323825152
867,1.630994963,-4.608263721,1.992772471
868,-5.196774726,-8.22717415,-0.046206981
869,9.657655232,-3.071473216,-0.30084007
870,0.717706342,-7.329914336,-0.208132494
871,4.312314982,-0.218241194,-1.137545047
872,7.620025659,-2.805333178,0.642798535
873,-9.176259552,9.864360393,-0.671529789
874,9.299184168,-4.120535359,0.955171841
875,8.661436726,1.248746445,1.639928042
876,-0.083096231,6.59759775,0.226257136
877,-4.266545128,-9.37705958,0.854546828
878,0.517209573,7.158750938,1.262362567
879,8.942540877,-9.836751167,0.86418052
880,-9.486319514,1.72670789,1.049373107
881,-0.504979365,-7.933664295,-1.480616397
882,-5.117104851,-9.390480548,0.884923623
883,7.963930215,2.301501381,1.738665779
884,-6.103030036,8.488554527,0.984507307
885,-2.568827514,3.569478843,-0.956906447
886,-2.154053341,1.099213498,0.056177035
887,3.581100208,-0.453302637,-0.863430878
888,-6.04578883,2.855114523,0.517748572
889,1.509124446,3.086165701,1.053497469
890,-8.170533672,5.652078158,-1.540353391
891,3.786725047,-8.228382477,-1.532031139
892,4.822604117,1.26789309,-0.039457959
893,-1.969947358,0.180396085,-0.741972021
894,3.73873392,1.904722585,0.382482024
895,-7.04115941,-8.582821582,-1.433399093
896,-7.292900389,3.655590513,-1.338342719
897,2.649831392,-5.793191335,0.942799746
898,6.879367643,-2.561128896,0.013075719
899,3.714178269,-8.462239129,-1.362452072
900,0.009311755,6.13063583,-0.142646873
901,5.002907359,-7.729125187,-1.95031107
902,2.062367562,3.176091506,0.847100296
903,0.292354515,9.105566796,0.602025303
904,7.328249938,0.192500034,1.056270321
905,1.362156506,-7.028115866,0.300392789
906,1.862365731,8.488014761,1.763438768
907,-8.06433793,-5.984429489,-0.683625213
908,9.359305052,4.492355234,-0.910463943
909,9.085398807,6.307479019,0.357193045
910,-2.709222614,-8.851049567,-0.961791143
911,-5.148964363,-3.899565192,1.593655488
912,-6.048550768,0.496626357,0.708949719
913,3.615137855,-6.818487193,-0.96614494
914,5.050530971,-2.917601286,-1.1654957
915,2.92081582,-5.21263682,1.096451382
916,1.099052001,-6.696235021,0.489372525
917,-1.552913789,-7.298742598,-1.849614569
918,-5.424159835,-0.671658072,0.134921619
919,0.450345613,-1.048838782,-0.431568138
920,-5.589245805,-2.494912177,0.037030103
921,-2.339696786,-3.054822892,-0.805336586
922,2.616155979,5.417057217,-0.260235682
923,7.092174791,-4.636889473,1.720741321
924,-7.067885079,-4.81648003,0.287974645
925,-1.069878983,1.375293338,0.103807688
926,-3.279896276,7.117545545,0.8787301
927,-5.787036525,2.837111424,0.775840538
928,6.268369836,-6.221237565,0.0470932
929,-7.349484137,2.334585716,-0.153197257
930,-9.326386175,-4.481103622,0.87513945
931,-2.309865943,6.941344901,-0.127433677
932,1.211183006,-6.947730626,0.319331698
933,-4.9168651,-4.550209458,1.966045196
934,0.587466773,9.00147414,0.965029183
935,-6.769961284,-6.595302553,-0.77485306
936,8.464918417,6.506663818,1.040733972
937,-3.335228223,7.03229486,0.873414743
938,-4.037453913,3.982089581,0.035772818
939,6.603791946,4.59841166,-0.678369268
940,-7.719066317,2.624736721,-0.49676352
941,7.470201053,6.768108491,1.393396108
942,-0.072380203,-5.044407089,0.873069442
943,5.797702018,5.423191353,-1.224474477
944,2.417341703,3.029405916,0.774526152
945,4.930838662,7.391104319,-0.08146319
946,-1.161124474,-6.265219712,-0.899286947
947,-8.131524494,-8.744441873,-1.590785902
948,5.203243672,-2.712736561,-1.297761054
949,-7.323350475,-7.648893049,-1.841530774
950,4.846928596,-4.219973849,-0.109769526
951,-9.152257225,-2.178127776,-1.090333822
952,-8.276601887,7.853603119,0.087982557
953,-7.327708557,-9.965341821,-0.35006562
954,-7.484389689,8.884020419,-0.417689233
955,-3.27733334,-7.186433534,-0.650017682
956,-7.185438652,0.10113771,-0.683760243
957,7.326756197,5.781320216,0.383144906
958,0.278023084,9.84412714,-0.132710925
959,-2.962133806,8.872314931,0.346288296
960,8.550396997,-1.741983074,-0.218236741
961,7.658802582,-2.173965027,0.157470668
962,-6.185765099,-0.997210269,-0.74269423
963,-2.858893899,-0.03991047,-0.318848168
964,-1.583226315,1.075642729,-0.120027013
965,-2.761222247,7.127264276,0.37609505
966,-7.663904662,-4.401021592,-0.030074149
967,7.134175866,-5.961831921,1.067784743
968,-8.268976948,1.933490843,0.019826009
969,-8.750238288,-3.056929797,-0.709099621
970,-0.931036467,-9.923189752,-0.324207996
971,7.268440085,-0.30765294,0.530590306
972,-1.595912765,-3.24313709,-0.898314581
973,5.648789185,9.73668932,-0.899569571
974,5.449455591,3.835652277,-1.380106224
975,6.608331724,2.032988954,1.214524466
976,-2.822343856,-4.831097192,0.679109046
977,-9.554935516,-3.174097757,0.162289747
978,-8.267282511,-3.749677795,-0.344503168
979,8.365624654,2.796310138,1.210403777
980,-2.237320428,-5.609468242,-0.162080204
981,-9.877971745,-3.577416922,0.859996907
982,-3.346566827,-9.323109295,0.102048268
983,0.171489784,2.915570299,0.3947533
984,-4.750619138,9.433232131,0.990815247
985,-8.145097913,-9.472474593,-0.910245527
986,-4.646115265,-3.294357707,1.149976264
987,3.825707672,4.695237481,-1.631840334
988,9.198154096,-0.278039593,-0.049782058
989,-0.827359024,-4.10982032,0.08773605
990,-0.005209943,8.838523737,0.548034689
991,-0.625341547,7.678122492,0.399202371
992,8.417811908,8.622628282,1.56406644
993,6.942310247,0.39857545,1.000531177
994,-9.83470934,5.132423404,-0.51452851
995,2.932425384,3.321431202,0.028774663
996,4.265337046,7.042624785,-0.213210444
997,5.755060836,-1.911962342,-1.446279407
998,-6.6595119,-6.821802685,-0.880456224
999,3.776026377,-2.071874998,-1.469786435
1000,-8.449205288,-4.724079444,0.171908549
1001,1.263483749,4.881732502,-0.032545668
1002,-1.814692105,9.09810527,-0.649511105
1003,8.468325662,-5.080561046,1.750138536
1004,1.706911538,-9.337625817,0.90370876
1005,7.14762483,-4.247666362,1.654677512
1006,-6.671465942,-1.349955061,-1.354311113
1007,9.310763324,8.811004382,0.689724158
1008,-8.433420103,-3.68489599,-0.319803769
1009,-4.045208412,-4.063687836,1.582438553
1010,1.462962619,-9.439683706,1.009096771
1011,5.843128088,2.170775629,0.399356068
1012,8.19607988,-1.300117635,-0.021536793
1013,5.35997398,7.448779056,0.121479558
1014,4.491509346,-1.551378367,-1.975516587
1015,3.898305573,-2.662560609,-1.147455522
1016,-4.672784438,1.589523495,1.999040494
1017,-4.342514065,-6.178990722,1.036378727
1018,-3.060964529,7.406185874,0.820862889
1019,-3.284744043,0.461009061,0.587515025
1020,-7.295900949,5.992753205,-1.134639321
1021,6.21601394,-7.935620885,-1.063790232
1022,8.458945609,2.059739249,1.705352441
1023,-2.847799828,3.625384208,-0.75472355
1024,1.643771343,9.979385972,0.470728397
1025,2.568772398,-1.079155485,-0.339555173
1026,-6.075712197,3.605025501,-0.241033636
1027,5.152054548,-0.197271892,-1.100888928
1028,-0.376924755,0.895250302,0.412302776
1029,-6.860585198,-4.025311698,0.227255944
1030,9.87084159,2.813662351,-0.109333365
1031,5.943041713,6.186045436,-0.430609635
1032,7.16137221,2.625137784,1.263382886
1033,-1.949787604,2.067723492,-0.049986707
1034,-7.724395751,-6.823099356,-1.505677761
1035,0.014932154,-6.032187575,0.263302151
1036,2.939969531,-1.366425763,-0.778929087
1037,1.780062723,-1.885634417,0.02733705
1038,4.575406649,6.078853206,-1.193545782
1039,5.356618237,-9.870613107,-0.368351358
1040,8.650856704,-7.671405958,-0.284434316
1041,-4.721535082,-6.899414258,0.421996314
1042,-6.371476891,-5.176895477,0.805865838
1043,9.841050803,-4.080859742,0.402771219
1044,-6.117393879,-8.291398172,-0.740816083
1045,0.620821872,-4.64881412,1.579683667
1046,-6.86400068,-7.670268101,-1.531877862
1047,9.90931527,-0.74999567,-1.147434571
1048,3.61919864,-9.973526472,0.061965519
1049,-9.632769133,0.113681121,0.319931207
1050,-3.277405379,8.78135523,0.735332893
1051,7.610759532,7.834772984,1.970382552
1052,-6.836550975,8.201275531,0.414743611
1053,-2.14369867,5.328980482,-1.656185417
1054,-6.999413552,-4.50298906,0.32161147
1055,-6.816168895,3.652299904,-0.996899722
1056,-5.814512013,-1.503006376,-0.546000103
1057,-4.56063563,-3.557550077,1.39257344
1058,6.893088589,-8.54560986,-0.197420384
1059,-7.028217609,-8.8846395,-1.1922503
1060,9.132436357,8.084462912,1.261751828
1061,2.548219297,2.133116351,1.405181378
1062,6.151913797,7.36590815,0.752343071
1063,4.231667186,-2.590352473,-1.410405493
1064,-0.700793809,-6.417484056,-0.77872003
1065,-5.109239787,5.175319805,0.027535262
1066,-0.950711919,3.037430896,-0.709855903
1067,-3.237306309,1.558322773,1.095489788
1068,-3.752421141,-4.920076698,1.55205665
1069,5.5040267,-5.807889827,-0.245079817
1070,6.481606873,-3.743447701,0.76329465
1071,-8.997548598,7.508283136,0.526488202
1072,-4.378021124,-6.125138342,1.102007765
1073,-2.222168344,6.047686701,-1.028580581
1074,-3.32898877,-4.162641673,1.038957807
1075,-8.87195012,-0.90113167,-1.309125804
1076,-7.167806736,5.082483353,-1.705968401
1077,0.01919312,-9.487274998,0.081648303
1078,0.647050348,7.087932347,1.323490897
1079,1.289679766,-4.574202905,1.951213759
1080,0.621251795,9.007868728,0.986989879
1081,-8.993550467,7.172839857,0.358868033
1082,3.582726273,-9.741550354,-0.115463666
1083,6.805712658,2.218115407,1.296775224
1084,-3.442125447,-5.799242931,0.761301607
1085,4.934633906,-9.975416732,-0.452173391
1086,-8.308816823,3.297238594,-1.053351708
1087,3.184035012,0.278647661,0.232626106
1088,3.319634927,1.222826939,0.762963934
1089,0.824815447,2.475374647,1.352439685
1090,1.916323678,3.68474754,0.424057571
1091,-1.885865972,3.684489648,-1.467393407
1092,-9.916290887,1.817324541,1.441725768
1093,8.639733723,4.328424477,-0.220330352
1094,-8.0168564,-0.294479179,-1.27700669
1095,-9.721446655,1.959024048,1.217917461
1096,-2.307764075,3.878575642,-1.41256665
1097,6.636991251,4.355115391,-0.590383273
1098,7.016190964,8.512272679,1.460145224
1099,-5.819177572,-7.28324059,-0.39396518
1100,1.864377879,2.6446648,1.433940797
1101,1.509457399,3.00721912,1.132088876
1102,-8.84076966,2.209407636,0.251551985
1103,-6.945086507,-9.732132932,-0.312079054
1104,-6.620523071,0.88707363,0.444250453
1105,6.242467678,-2.735204266,-0.43600083
1106,3.746053627,-5.084597847,0.363207669
1107,5.773180662,-2.379991095,-1.178262729
1108,-9.892093432,8.375842357,1.317384337
1109,7.61289301,6.800423249,1.465559909
1110,2.043729227,0.870102686,1.654631333
1111,5.633078684,1.10609993,0.288686384
1112,3.372353947,3.522269843,-0.60026797
1113,-3.929461213,-6.715490231,0.289886666
1114,0.919289772,4.713934023,-0.204827658
1115,-9.281276902,-8.108822559,-1.110712466
1116,5.130568166,-7.102125382,-1.644252198
1117,-7.014193057,8.93425454,-0.196532591
1118,-1.818485308,-5.017786531,-0.015754093
1119,3.13891742,-6.305440405,-0.01957803
1120,-9.627589679,7.663402211,1.183318854
1121,-2.500575863,-4.534543668,0.386216465
1122,-3.081658146,9.998723854,-0.602848522
1123,6.224466133,-7.704353793,-1.04751206
1124,2.277135568,5.535208965,0.080586318
1125,-8.164796954,-9.554928297,-0.822301324
1126,5.394471008,1.048584541,0.090456195
1127,1.744075122,0.601322142,1.550757946
1128,-2.406054726,0.357515384,-0.321038305
1129,5.099672797,-3.425240124,-0.646079085
1130,5.159884371,-6.45943168,-1.076869034
1131,-9.623165462,3.88659091,-0.480881812
1132,-1.361812454,-5.769031962,-0.486444396
1133,-1.76760946,-1.056956992,-1.851558537
1134,-8.121983766,7.428664401,-0.053393981
1135,8.773623749,-3.016501008,0.481339188
1136,-5.407426309,3.706211106,0.23293627
1137,2.586353925,9.920552837,0.051432805
1138,-9.190086293,-6.215400433,-0.16481014
1139,-9.928443841,-9.144963598,0.206462186
1140,-6.346213824,-5.78566377,0.414262218
1141,1.429261188,-6.115841141,1.156564818
1142,-0.842545671,3.654446797,-1.23700604
1143,8.19044719,-0.851550197,0.19162486
1144,-9.490929052,6.559525157,0.338939054
1145,-6.868612955,-4.448399849,0.412800896
1146,-0.125752024,2.158117099,0.707007458
1147,-0.689866702,-6.799070048,-1.129739011
1148,-8.536632663,-5.530629601,-0.092396526
1149,-5.62852663,-9.26440173,0.449198902
1150,8.258936676,-5.358399734,1.717611806
1151,8.489040113,-9.470778455,0.851021279
1152,-0.65805292,0.873117903,0.154758212
1153,9.893522381,-6.160618486,-0.329506321
1154,7.329072478,-1.644092347,-0.131945579
1155,5.341662878,6.181740789,-0.909725689
1156,1.968107713,3.244632369,0.819247179
1157,0.516238952,0.542315565,1.009733413
1158,6.995910567,3.553407973,0.253624543
1159,-5.305517306,-3.771944961,1.418625533
1160,-9.627790953,2.498928746,0.800951386
1161,8.384419794,1.329414049,1.833593959
1162,3.989384747,-7.301644768,-1.601122139
1163,-6.435770112,0.720768201,0.507968605
1164,-2.586780003,2.03147228,0.368968142
1165,-2.164296659,-7.410575225,-1.732283637
1166,1.119171629,3.788771385,0.296801193
1167,3.577245704,-8.736816891,-1.056965887
1168,9.20393732,9.570729063,0.07361644
1169,8.212268349,4.20701764,0.061504239
1170,-2.469340949,0.641915958,-0.02401822
1171,-2.767452228,-2.92021004,-0.585051257
1172,6.857470952,-2.972426824,0.374875026
1173,-0.099135848,-4.461933487,0.869826086
1174,-8.81703264,-2.855830529,-0.852906714
1175,0.264171878,9.809226462,-0.113937987
1176,8.997790143,6.684638905,0.804887727
1177,3.988889618,5.075587022,-1.684259157
1178,-4.835896387,-2.876411404,0.730298465
1179,-3.209945702,-2.973332948,-0.099167051
1180,8.463374939,-6.682342869,0.431353155
1181,-2.823216439,-6.56717524,-0.593212777
1182,3.345263816,-8.147661729,-1.159451025
1183,-6.874906541,5.560194932,-1.219420343
1184,9.832638542,-1.934651952,-1.331177945
1185,-8.786294294,7.353312572,0.281283089
1186,-7.155317536,2.433844024,-0.115577349
1187,2.690013015,5.154710848,-0.467372879
1188,4.213123157,-8.567742687,-1.633839245
1189,-1.201851134,-8.392224031,-1.791319264
1190,-2.23370518,-5.79236983,-0.316860171
1191,-1.991616582,7.870849761,0.087103571
1192,7.953731352,1.212701937,1.931595542
1193,-3.215162985,4.866754648,-0.914605279
1194,-6.678395782,8.696797607,0.28036084
1195,-0.894104003,-5.77818723,-0.295842547
1196,-5.002009159,-6.429436261,0.812622275
1197,-3.901346705,8.419621618,1.532988921
1198,-8.887559133,3.8129972,-1.133834859
1199,-4.438940249,1.883045483,1.914490319
1200,0.082828423,3.337730573,-0.112149015
1201,-1.119823708,-6.771399401,-1.369072996
1202,-6.942138988,-3.197973464,-0.555938987
1203,-1.504499141,4.382554598,-1.943899144
1204,1.706133237,2.013499286,1.894452993
1205,-0.969222925,-0.084628359,-0.908973562
1206,-6.458393721,-2.814678017,-0.495435971
1207,9.035999129,1.016360147,1.229256069
1208,1.162158609,6.824279072,1.432736805
1209,4.915109495,-9.570712017,-0.834105848
1210,-4.994367063,3.145870685,0.956228885
1211,0.187866436,-4.200179744,1.058427178
1212,-6.789071528,0.782717049,0.22062556
1213,1.201358532,-1.280607634,-0.025659401
1214,9.362434861,-9.621395213,0.257655606
1215,-7.489827161,3.468545501,-1.255584031
1216,4.260888638,1.539186205,0.09970695
1217,-6.356558585,7.594479915,0.893210497
1218,-8.593836551,-3.632027701,-0.267556678
1219,-0.76466263,7.338017465,0.177523844
1220,-2.797157618,4.388492078,-1.285667327
1221,-1.733212849,-2.808506865,-1.313800173
1222,1.234017219,-2.866115298,0.671817575
1223,2.095762775,2.290485942,1.617351114
1224,0.401700508,-1.074695105,-0.488461011
1225,-3.479207561,8.799891271,0.916242967
1226,7.795241283,-9.748812015,1.316668539
1227,4.980382873,3.258309898,-1.080756469
1228,-7.857145877,3.31935354,-1.176821183
1229,-8.624272561,-7.48560478,-1.650621187
1230,-2.796405754,9.594069023,-0.506856146
1231,5.162923481,-6.449362812,-1.065628214
1232,-0.775785675,-5.489035131,0.012991067
1233,2.157286361,-9.852606011,1.247783957
1234,-5.899062693,-1.511674996,-0.62350701
1235,-8.153499551,9.904132087,-1.416685036
1236,-3.136799418,-0.200132429,-0.203592335
1237,4.993016599,3.685800592,-1.478622417
1238,-5.844465534,5.804916328,-0.035462249
1239,0.702581624,-9.312894766,0.534540155
1240,7.320176618,4.133714534,0.023688917
1241,-0.674514239,-4.715814444,0.375476127
1242,-7.394258111,-8.919579767,-1.38015609
1243,-2.706859195,-3.248546476,-0.314418638
1244,-7.714939778,4.675206211,-1.989658045
1245,8.490939087,6.743061272,1.247745999
1246,6.280159795,1.372554268,0.977388805
1247,-8.629681225,2.744427409,-0.327125546
1248,-9.574178446,4.045748172,-0.637057928
1249,1.206101953,-9.925271904,1.414091767
1250,2.58955562,0.092841888,0.617131332
1251,-8.448863316,-8.981676248,-1.256958503
1252,-4.671570872,4.174911847,0.14016401
1253,-0.526798001,7.817156713,0.496553993
1254,-5.901365871,-3.742401843,0.937919642
1255,-6.99365543,9.095309958,-0.328650532
1256,-3.876751477,0.934439293,1.474970961
1257,0.952127555,2.971430448,0.98399344
1258,2.041889458,-1.971058571,-0.029886148
1259,0.794066983,-1.61926808,-0.285615558
1260,-5.930379777,3.660920187,-0.150764553
1261,-9.160168206,4.912854244,-1.241506663
1262,7.594256977,8.092381679,1.938177772
1263,2.967086579,-5.304024149,1.003651559
1264,3.54907748,1.11303585,0.50074313
1265,-3.454679482,5.380415895,-0.477048528
1266,6.645737196,1.118372014,1.254051353
1267,-8.625257662,-7.175331529,-1.495442612
1268,-4.852907356,-8.359450586,0.115196032
1269,-7.974907429,-0.132124351,-1.124437656
1270,-4.103007352,-0.808357758,0.096848231
1271,-1.5241222,2.491836266,-0.393918509
1272,6.357762205,-3.809569296,0.693906553
1273,1.899548855,0.647389457,1.549551976
1274,3.605490319,3.668316975,-0.950141594
1275,9.696851166,-0.999987301,-1.110193081
1276,8.305483568,5.274778811,0.05380955
1277,-8.278763388,-0.044767207,-0.955880954
1278,1.376902975,-6.927939729,0.380259321
1279,-3.017862412,-1.736584149,-1.109703429
1280,-5.744609984,-4.50468105,1.491419663
1281,1.604506964,3.153358716,0.987666059
1282,5.830642925,8.113184233,0.529341261
1283,-7.363961242,8.632297065,-0.17022601
1284,1.160227806,-2.071187833,0.03949926
1285,4.621049442,-5.28729123,-0.156585985
1286,-3.652334657,-4.640487504,1.486240894
1287,4.419221213,-0.285644801,-1.239109423
1288,-0.752488487,-4.049916943,0.105016726
1289,4.341456222,-4.463817155,0.037275129
1290,7.737943142,9.035928277,1.372399311
1291,8.556869915,5.539472849,0.085953526
1292,-6.316624409,5.956343255,-0.354486736
1293,4.845714943,2.083687173,-0.119795634
1294,-4.633964684,8.828635419,1.558380973
1295,-1.130168941,-1.706862234,-1.895241565
1296,-4.097859542,6.432536051,0.965840986
1297,-6.223055416,-3.758219139,0.638379893
1298,-0.154833784,-9.066558723,-0.50482294
1299,8.695556567,6.245156248,0.628269342
1300,-5.662013617,-1.633372621,-0.416054367
1301,8.683030079,2.747650558,1.059409169
1302,-7.573617455,-7.660303918,-1.942257758
1303,-6.555886446,3.277719371,-0.405040431
1304,-6.460741457,4.728405309,-1.176496416
1305,-2.63660925,-2.300539175,-1.22913878
1306,6.898958787,3.836029086,-0.06236238
1307,9.571328283,-8.14119353,-1.105063723
1308,1.551519856,4.215701676,0.12064828
1309,5.62342579,-0.712827371,-1.266902187
1310,-9.322571389,2.955392327,0.083097525
1311,-7.334021504,-5.456237029,-0.131970584
1312,9.560717211,-6.010669896,0.133633915
1313,-7.065173012,8.972531157,-0.267703553
1314,-5.572640909,-7.247746657,-0.169552537
1315,-4.17687069,8.968839977,1.300308943
1316,8.06863017,-7.593061444,0.010898312
1317,-1.210388007,7.038296773,-0.250383063
1318,-9.329101358,9.213962275,0.113726897
1319,6.914944688,-8.231020638,-0.339193383
1320,6.521927828,5.070917993,-0.699933001
1321,3.733166783,9.549960402,-0.682524091
1322,-2.530313079,7.574295303,0.387226283
1323,5.725142957,-7.805060891,-1.528330172
1324,-9.771402905,8.422026302,1.18267995
1325,5.324164875,9.099561041,-0.499115031
1326,0.198828072,5.976058128,-0.10480087
1327,4.884376527,-8.727148337,-1.627649478
1328,3.232799876,-1.274830714,-1.047601774
1329,-8.690967005,4.90318114,-1.651558933
1330,-4.822254785,-8.644096129,0.290206842
1331,-4.0394853,2.522879506,1.362002558
1332,4.293579932,-1.357356515,-1.890881983
1333,-7.308311985,-8.140113515,-1.814122742
1334,-9.862113149,4.515702195,-0.557192468
1335,-2.543028161,4.859067326,-1.55271912
1336,4.521806771,2.991837611,-0.832698192
1337,2.103409476,-2.681829596,0.41774731
1338,-4.910538569,-2.871799823,0.713900753
1339,-4.93834058,2.652518134,1.444390462
1340,-7.644264341,9.055510873,-0.617157787
1341,-9.217411397,7.378663379,0.683263528
1342,1.658693713,3.237698777,0.900181265
1343,0.950213248,-9.916681775,1.285844362
1344,4.822393709,3.69176083,-1.516786175
1345,8.425866363,1.656727163,1.837192637
1346,-9.377682113,5.597159364,-0.680545628
1347,-8.746143856,-2.680699509,-1.072478589
1348,-5.732339222,3.825934748,-0.10875503
1349,3.692915119,-3.647001435,-0.039649051
1350,-5.362799004,-1.954385138,-0.131491904
1351,-8.379510753,-9.294451882,-0.995016082
1352,-7.913446975,-1.638236528,-1.995959229
1353,-1.312775575,8.882923891,-0.451171553
1354,-5.120656744,7.60007961,1.885749604
1355,-6.922912307,-6.073961807,-0.389276051
1356,-2.434315579,8.45016962,0.177715643
1357,7.872993833,3.183184245,0.958239672
1358,-4.973362928,8.070036626,1.942889908
1359,1.669586796,8.787886329,1.58982354
1360,-1.917669985,-7.961883004,-1.934624429
1361,-7.335582812,3.161722481,-0.888742128
1362,-6.673580469,-5.919669946,-0.024991809
1363,8.849258252,9.214057408,0.753435421
1364,2.56614072,-7.064720889,-0.160156261
1365,-4.666342762,-9.110291626,0.689612021
1366,5.251321334,4.264214722,-1.759496843
1367,2.099630021,-6.776003413,0.390285567
1368,-3.956200416,1.67834607,1.721678618
1369,-3.215349286,-0.434584493,-0.347343777
1370,6.751852249,6.19373812,0.362369411
1371,-7.761844395,-1.290572004,-1.956751788
1372,-5.231486155,-2.29812372,0.121313403
1373,-5.922799579,-7.626503559,-0.621603031
1374,-6.55002485,3.545072671,-0.656305439
1375,-5.957838422,-2.251638333,-0.457405503
1376,-3.355878043,5.627590883,-0.396981327
1377,-1.602033595,3.707456366,-1.535657254
1378,8.345925715,-2.646084683,0.405937669
1379,0.791458801,6.034628277,0.465373696
1380,6.604199288,-9.089830751,-0.013190409
1381,5.561783315,-6.135005685,-0.5128001
1382,7.231955003,7.535811855,1.762508797
1383,-5.274189176,-0.657258606,0.235348629
1384,-7.496115579,4.291224395,-1.849259876
1385,-7.286016662,0.466755483,-0.393006199
1386,8.81179431,-2.387579364,-0.109259292
1387,-4.759804498,-7.739330983,0.005441285
1388,1.285388116,-4.634216935,1.956492922
1389,-6.608912056,5.647149418,-0.914008566
1390,0.215671046,5.434870984,-0.536163844
1391,-6.893718371,-8.966141579,-1.016030125
1392,6.703720597,-8.44111256,-0.424284336
1393,-4.946793394,7.663975239,1.954655874
1394,9.868297046,-1.001168256,-1.271222341
1395,2.614682949,-6.750068128,0.052759691
1396,-5.964167986,7.070217349,1.021894778
1397,9.090293392,-9.288166991,0.192095899
1398,5.704916746,-2.132421792,-1.392965399
1399,9.638805149,-8.922698744,-0.693646099
1400,0.394560783,5.417662896,-0.377031261
1401,-2.783099876,-7.322709824,-1.21302666
1402,9.91816347,1.096145345,0.415841956
1403,-2.563926077,-7.068351743,-1.253013531
1404,-8.241643334,7.135474245,-0.173006429
1405,0.126821089,-3.586889657,0.557207345
1406,-4.877272063,4.095826698,0.170566474
1407,-2.549954272,-6.741600612,-1.000249254
1408,8.146457302,-4.902844109,1.939451195
1409,-1.185664776,7.720062828,0.064297251
1410,-1.680361258,-6.683445847,-1.383662067
1411,4.603504091,-9.444950565,-0.973906659
1412,4.379162832,-4.321933778,-0.02025611
1413,-5.721741663,-1.84406549,-0.43048498
1414,5.049778233,-5.133810164,-0.031113586
1415,-5.328168931,-2.662977571,0.355772881
1416,-4.497093568,-8.958324236,0.527191628
1417,-1.394411701,1.240222603,-0.038628244
1418,-4.404076725,-0.777747038,0.2511711
1419,-5.640307431,5.177146094,-0.294429157
1420,-5.115453413,5.589976931,0.280854976
1421,-4.300560578,9.47242809,0.868758372
1422,-4.568710068,5.952412584,0.664921969
1423,-6.127682616,7.00007464,0.811919613
1424,-6.426784681,1.485600355,0.853266658
1425,8.48245717,6.861179472,1.355269728
1426,2.61479256,8.444720328,1.333299328
1427,4.966267644,-7.778459153,-1.965095072
1428,9.485438869,-5.034242937,0.888026882
1429,5.426776652,-2.911136096,-0.983916587
1430,-6.833288374,2.911181282,-0.29439705
1431,-4.643209387,-9.498401569,1.07116516
1432,-0.745144424,7.636204904,0.298302253
1433,6.747636587,5.693431374,-0.108224263
1434,-9.733379929,-9.171589906,0.053235304
1435,-3.150390762,-6.483361147,-0.190043667
1436,4.165890088,-6.050389805,-0.623650762
1437,-0.661756327,8.648490916,0.086131597
1438,-5.947317004,5.965586318,0.017302549
1439,9.207832546,5.424208606,-0.54192688
1440,7.209055647,-7.418773342,-0.107637985
1441,-9.881949745,-3.42015408,0.716384919
1442,0.948997031,-3.470025391,1.13539162
1443,6.0303502,-0.177377884,-0.42659914
1444,-5.226847231,1.074718148,1.750015454
1445,-1.750945105,-4.739947837,0.015803232
1446,3.474927587,5.028462913,-1.277659317
1447,-3.727045325,3.914758385,-0.145827736
1448,-0.921526606,9.258363059,-0.63087769
1449,-3.397238188,-2.318196032,-0.480588839
1450,4.479142013,-0.70485876,-1.620847281
1451,-1.302443417,-3.538659899,-0.577493494
1452,6.155068815,-6.321344795,-0.165916526
1453,-9.22905117,0.345475508,0.144164628
1454,9.253891218,1.883879743,1.121444665
1455,-8.927701789,-6.670849599,-0.854884655
1456,-2.674727957,1.422932997,0.538999394
1457,-8.776891107,6.894685756,-0.029406159
1458,9.471867534,4.884860716,-1.032235755
1459,-8.576039354,-6.152127084,-0.619763946
1460,-6.900947097,0.753889799,0.105267643
1461,-9.21625629,-6.77319782,-0.677650749
1462,8.466011099,-9.169817241,0.566276317
1463,-5.909951482,1.604070195,1.364074995
1464,-3.723033974,8.038337289,1.532283549
1465,-7.287432145,0.370295534,-0.481867015
1466,1.911601985,6.867468006,1.494086901
1467,-8.037478534,-4.589364027,0.00923034
1468,-1.268688143,5.842586771,-1.381192271
1469,-3.343063253,7.86551738,1.200043864
1470,-0.200073941,-5.363745633,0.596520241
1471,7.585102631,-8.644764769,0.260780498
1472,9.332549323,3.725237395,-0.458971038
1473,9.33115484,3.019918265,0.214860795
1474,4.038380199,-0.613913325,-1.357396592
1475,-9.065989976,2.89225876,-0.104381147
1476,-2.866886374,-1.529533196,-1.270413039
1477,2.68834989,-6.344458013,0.376648806
1478,6.903723612,-7.251920172,-0.242696682
1479,-1.712840166,0.478067926,-0.52986415
1480,6.232427856,5.55211652,-0.718401346
1481,5.267803104,9.421942732,-0.846846923
1482,-9.594456731,-6.279856909,0.172194133
1483,-5.407842177,0.740650912,1.442531849
1484,-7.647513443,-1.229493674,-1.921080502
1485,3.783909169,-8.232545004,-1.528248457
1486,-6.908317366,0.664446479,0.031419101
1487,8.709903832,8.368323628,1.526138992
1488,-0.759094291,-0.87629003,-1.456634441
1489,2.902450163,6.36387606,0.317472826
1490,-9.610542056,2.543156784,0.748048387
1491,3.629523704,7.913468151,0.529431819
1492,1.59016668,-6.727719008,0.569775454
1493,1.475638891,-7.921311599,-0.002258248
1494,4.02252762,2.439898908,-0.125822046
1495,0.406595158,4.121046957,-0.434708909
1496,6.680066589,0.613538299,0.962307951
1497,-2.804477881,-1.415555231,-1.318739928
1498,-2.239043839,8.322931575,0.107134622
1499,4.076353356,-7.426111612,-1.714308568
1500,-0.142303852,0.101199384,-0.040797317
1501,-5.890073835,-1.322264516,-0.586210214
1502,7.144102104,-7.261319949,-0.071016483
1503,-4.91421533,6.066355345,0.764567204
1504,-0.534982272,2.668805338,-0.054456183
1505,-9.077897352,-8.180265452,-1.287205884
1506,-4.517980072,-4.732356664,1.980962684
1507,3.260212923,3.678291818,-0.629644326
1508,0.492196698,-3.044913101,0.376033957
1509,7.369469998,8.641447421,1.590545763
1510,-5.743388354,-4.676893091,1.513331913
1511,4.034784625,-3.951161256,-0.055087192
1512,-0.755996787,6.758814177,-0.228116654
1513,1.828598025,-1.749602195,-0.017103993
1514,-4.507299129,-5.972620866,1.284638814
1515,-6.997076305,-4.473972415,0.31693353
1516,6.505512169,-8.816982422,-0.350559378
1517,-7.50635836,5.85104892,-1.358996785
1518,6.662912963,3.036568101,0.475499126
1519,-2.9209118,-0.559264009,-0.749456497
1520,-8.589372444,-2.591513224,-1.264323568
1521,5.564769194,0.893812038,0.121272368
1522,7.891576987,-5.729376002,1.525224333
1523,9.626202592,-8.051319159,-1.180657418
1524,-2.131889443,9.108057876,-0.535222495
1525,-0.125960743,-6.251325448,-0.093773454
1526,2.96132244,8.161950643,1.132246592
1527,1.614187748,-2.993905652,0.851908031
1528,9.347794396,-5.689686433,0.636172516
1529,-0.764533206,3.988816804,-1.441645685
1530,6.923429785,9.210541009,0.809993404
1531,9.459529675,7.831053626,0.964992445
1532,6.3669468,4.774653713,-0.914398595
1533,8.864108296,6.788341426,1.015697521
1534,5.333968454,-8.637051747,-1.521710756
1535,-4.902630516,3.356364644,0.768833928
1536,9.836967264,-9.847936046,0.010025802
1537,-8.781994985,4.094752526,-1.414674825
1538,7.755905011,8.478973623,1.806162149
1539,3.913962393,2.600380516,-0.182659269
1540,-4.852789502,5.687408476,0.42900811
1541,2.93679621,-5.914391697,0.563858281
1542,7.660473288,-2.543837102,0.418546981
1543,-8.60909405,-3.228328218,-0.641567648
1544,-0.47513311,8.129576451,0.50480669
1545,3.170311919,5.505399093,-0.730419205
1546,8.812441459,6.451540728,0.742342252
1547,-3.594578254,7.745044045,1.431724133
1548,-2.958410447,-6.388546869,-0.287326188
1549,0.209504245,8.821977883,0.774926271
1550,-1.820953385,0.537620126,-0.456780254
1551,6.197020737,5.403264104,-0.856746662
1552,-4.067903781,6.254647075,0.7708748
1553,-6.99793036,3.529122459,-1.033327439
1554,1.516036218,-0.51260763,0.508049661
1555,0.760790137,-9.25933131,0.52480105
1556,-2.37594697,-8.426908086,-1.533320804
1557,2.964631521,-1.148956443,-0.736298183
1558,-6.092995969,-4.862731626,1.177764638
1559,-9.870306039,-5.89572494,0.808772731
1560,-5.781412488,1.424171733,1.470250439
1561,5.239011859,5.280053487,-1.70766838
1562,-9.003510009,-9.421405368,-0.412290464
1563,4.722501848,-8.418897664,-1.844582422
1564,-0.506912127,2.121255336,0.366804514
1565,4.545198542,7.371887558,-0.100030227
1566,-5.221381205,-4.772742662,1.871415307
1567,-6.810332793,-3.413135656,-0.234851899
1568,6.897828225,-5.823711462,1.020143414
1569,-5.887436905,4.399249367,-0.565872258
1570,-4.092667992,-5.249096446,1.673437381
1571,-2.016677682,3.435845046,-1.192255385
1572,2.202872137,-5.107484214,1.729762729
1573,6.080455029,1.868294572,0.754728376
1574,-6.907032788,4.717263398,-1.584150354
1575,7.493657622,-7.07070849,0.227174834
1576,-0.218758054,1.963397092,0.706899709
1577,1.611569721,3.737346815,0.438035728
1578,6.49930757,-7.303273208,-0.637710305
1579,8.843595026,2.569720361,1.090220421
1580,9.311596289,-8.492960306,-0.68976509
1581,-6.313150955,0.960150998,0.789316996
1582,-0.202514414,0.47876915,0.259554075
1583,6.58977046,-7.254377718,-0.523754405
1584,-7.097837118,9.808712719,-1.102058402
1585,-9.318461365,4.863642758,-1.094699361
1586,-3.384703929,5.329487493,-0.574837324
1587,2.191980086,2.06780869,1.692201073
1588,-0.153385238,7.453160165,0.767956293
1589,-1.9222096,-8.860818671,-1.47342372
1590,-7.255550664,4.530820564,-1.80978223
1591,3.100248878,-3.517873784,0.408796328
1592,0.95214612,7.102304812,1.545206846
1593,0.839933923,-6.32267205,0.705122532
1594,1.994291583,8.228156327,1.842467731
1595,-7.619130237,-1.263009389,-1.925555283
1596,0.947924538,-1.436404079,-0.178776453
1597,-8.530961546,-8.832141571,-1.338017951
1598,6.321229005,7.566444333,0.996979705
1599,9.090834402,6.107840222,0.153323332
1600,4.669382799,1.122411548,-0.097926884
1601,-6.328785071,-5.735749833,0.474915228
1602,5.731903621,-3.91703223,0.176250583
1603,5.263452274,-9.797520071,-0.487797656
1604,-5.065708781,9.631239604,0.733231207
1605,-4.040048275,4.070658856,-0.018695361
1606,-8.03622159,-8.937052252,-1.452058197
1607,2.120247553,-9.309869845,0.738155821
1608,-0.372822685,1.761807414,0.617567126
1609,3.625033096,4.82642393,-1.45833315
1610,5.85118881,-1.086800569,-1.303827407
1611,-2.104384864,2.091715727,0.006374588
1612,8.796843017,9.184638792,0.825312684
1613,5.951038909,5.694651111,-0.881215294
1614,-6.471789666,4.137093314,-1.026519658
1615,9.982521986,-3.419397117,-0.25502851
1616,-7.184729324,0.033932713,-0.75035955
1617,-9.701139123,5.546365687,-0.399079193
1618,-9.913582535,-9.525859636,0.570480418
1619,0.010354741,-5.163662219,0.910247114
1620,9.344878234,-6.74231496,-0.363353321
1621,7.200512139,1.364501805,1.772775962
1622,0.024633315,-1.94720598,-0.905359556
1623,2.521704379,-2.547638025,0.0213015
1624,4.370519787,4.263285581,-1.842966398
1625,6.524948302,5.290739542,-0.597950724
1626,-0.236505387,-5.75161066,0.272584599
1627,9.946582426,-8.822789713,-1.064727605
1628,7.483473796,0.909103788,1.721096959
1629,2.762906484,6.042993273,0.13181089
1630,6.774401798,7.555574911,1.427505012
1631,6.657840779,-4.082142614,1.173834259
1632,9.265311324,-2.424881033,-0.498117256
1633,2.032227679,-4.944151814,1.86867913
1634,-4.754931409,-8.623645983,0.28095092
1635,-2.922562142,7.153196205,0.547052565
1636,-5.261190917,4.913054836,-0.126783953
1637,4.150528808,4.476784329,-1.818638923
1638,-8.706043571,-8.424137973,-1.500249251
1639,-5.448117577,6.733444887,1.176541226
1640,3.564400619,-3.780293674,0.185830267
1641,2.760873653,-9.848858677,0.783071188
1642,-6.793429947,-7.221582835,-1.295002685
1643,7.37436146,1.159769381,1.803881244
1644,0.283828976,6.156617397,0.153803215
1645,-3.237034669,-7.129286105,-0.653404111
1646,-1.158037363,7.635822285,0.060279895
1647,5.299591138,1.708034554,0.15810357
1648,-7.677053715,-8.275593958,-1.896819354
1649,-5.116006896,-4.692445114,1.919447214
1650,6.590190227,-2.116830458,-0.552385765
1651,-7.193318158,-7.553044317,-1.744644343
1652,0.466104754,-7.869588344,-0.550468237
1653,8.032664067,5.143715488,0.075666754
1654,9.97216214,-8.601335608,-1.253945331
1655,-5.051918846,3.366271451,0.720118101
1656,2.401695087,-1.051538965,-0.193975679
1657,7.432270602,4.348922612,-0.022280178
1658,-4.410101953,-8.235173436,0.026436216
1659,3.443421119,-2.04651211,-1.18623165
1660,1.270521984,-4.973555612,1.921344782
1661,8.26190686,-9.630097849,1.121826212
1662,3.651648,4.661700191,-1.486941148
1663,2.240000389,9.36750221,0.841560124
1664,-3.263377641,9.362578647,0.183643383
1665,-2.372709567,0.694593222,-0.055260001
1666,3.362329651,1.547543033,0.780780857
1667,-8.617132636,-3.799289353,-0.111365986
1668,-9.7289342,-5.239293626,1.16385599
1669,9.015570505,9.942964531,-0.097423249
1670,-9.249029134,3.83255736,-0.81212639
1671,-0.334676432,-4.712771678,0.671536355
1672,-3.819608217,7.882321582,1.626847194
1673,-2.01617928,2.954000592,-0.71595201
1674,4.181825566,-0.073859308,-0.936314282
1675,-7.57458746,-3.436980551,-0.670111716
1676,8.949548238,-9.014701646,0.058863409
1677,-6.297597838,-6.899738432,-0.592638409
1678,6.981106783,-8.335697627,-0.243574654
1679,6.390865335,-1.416348855,-0.880624622
1680,9.718239667,7.280630337,0.55082012
1681,-2.261921222,4.793032376,-1.767279573
1682,-0.556397386,5.358074464,-1.326817892
1683,3.063789655,0.56961126,0.617029256
1684,5.590173491,2.082061814,0.233268884
1685,-9.156860851,4.408582115,-1.218927995
1686,6.78127721,-5.626739335,1.088055485
1687,9.706663241,2.170204697,0.547502515
1688,-9.623119166,-8.234554189,-0.731408782
1689,-7.253390256,9.545933974,-0.94586138
1690,8.212751228,4.316786834,0.013564869
1691,1.074037555,-0.42792996,0.464143562
1692,3.153705876,7.789621392,0.985816669
1693,-0.099561252,-4.599961733,0.89428986
1694,-9.402601942,1.132241883,0.883192236
1695,3.161043137,6.675624922,0.362994447
1696,-2.141686156,-5.280681486,0.001400704
1697,-3.592920172,0.781819414,1.140732211
1698,-0.080069401,-0.403675373,-0.47278482
1699,-2.894384464,2.364139312,0.456768708
1700,-9.394766398,8.124733745,0.933562954
1701,9.667045112,-1.708853905,-1.230389363
1702,-9.087892962,-9.953252264,0.173667575
1703,1.531505843,5.213646112,0.122249061
1704,7.129623509,-5.299916748,1.58123851
1705,-2.403426884,9.139442396,-0.391452792
1706,2.060719494,0.984557673,1.715396478
1707,5.397077296,3.060020111,-0.693134096
1708,-0.544444472,-1.161526136,-1.435354451
1709,-9.956282686,-6.861419647,-0.039715118
1710,6.721160787,-0.48747473,-0.044289356
1711,-4.53710035,2.998335071,1.127444324
1712,4.028623674,-2.564700375,-1.320621416
1713,-3.838939002,6.059717868,0.420573627
1714,-3.767478465,1.846891612,1.547942603
1715,8.865064636,-6.63925108,0.182353803
1716,-1.443414384,5.398694835,-1.765490093
1717,1.255398379,-3.636711158,1.425808941
1718,-5.645143327,9.221681995,0.797326404
1719,-6.319076144,-2.107721587,-0.89516859
1720,1.343071075,-8.753942808,0.352542085
1721,-2.131535519,-5.194806045,0.039013952
1722,-3.42032788,7.996560986,1.264992682
1723,-0.515048783,-3.434597774,-0.203746736
1724,1.722944262,-7.956044957,-0.006348245
1725,7.348752768,-3.487739442,1.214339394
1726,9.027756511,6.520390482,0.621660174
1727,-2.331074962,-7.914216351,-1.722830463
1728,-3.165819108,3.916661264,-0.675541006
1729,-3.894416329,-1.593611192,-0.316037661
1730,-5.044499697,-1.329369792,-0.025641622
1731,-4.395394496,-2.355270569,0.242416774
1732,4.297852021,-0.618430626,-1.495060082
1733,4.58009377,8.094179393,-0.019970796
1734,3.037172086,6.740564284,0.545828921
1735,-6.833774361,-1.166719298,-1.442654995
1736,4.618638124,-3.689005062,-0.47512911
1737,6.516046775,5.914196678,-0.129909616
1738,-5.278045196,9.841220254,0.439727693
1739,-9.085223742,-1.622312227,-1.331740146
1740,-0.888036881,8.244135555,0.149015889
1741,-7.501916243,-7.479556344,-1.86938046
1742,8.116587197,-0.487614185,0.497197391
1743,-5.122918032,1.035324008,1.776937535
1744,-5.936781786,-8.475921499,-0.473232634
1745,-9.955219809,-3.979357598,1.249063966
1746,1.787764671,-9.612151236,1.162833353
1747,3.246471304,-8.509529802,-0.897400374
1748,6.355267307,-2.039494018,-0.820137734
1749,4.068779708,7.892388007,0.199327469
1750,2.097059736,-9.202502705,0.644240541
1751,-4.858494446,3.130196728,1.000741249
1752,4.518565728,-9.82952964,-0.587484488
1753,1.185218036,7.0979396,1.654138149
1754,-1.699474401,5.851313463,-1.410303907
1755,3.518569795,-3.233088931,-0.276742887
1756,-3.960238661,9.732571711,0.427264627
1757,2.450441443,-1.231201546,-0.305465097
1758,0.778030723,0.847986194,1.451827875
1759,-3.073967568,1.119159161,0.832160231
1760,-2.328388406,-3.802604168,-0.112577149
1761,-1.759683226,4.02686184,-1.756299278
1762,-7.570843215,7.487975109,-0.026419377
1763,9.86838224,7.492962596,0.506339688
1764,0.55721303,-9.737898561,0.836851862
1765,-7.801838112,-3.246292421,-0.894132249
1766,8.064559262,-5.686120366,1.540127976
1767,-7.424576812,-4.100259518,-0.090787441
1768,1.897396237,-7.445818329,0.029287249
1769,-2.88608904,7.17467374,0.525275019
1770,5.527261252,5.303689371,-1.516177829
1771,-9.533680971,6.034285361,-0.137650079
1772,-7.083200726,8.552109067,0.048680353
1773,-7.377765144,-6.994870052,-1.541846207
1774,1.752422297,-1.56115311,-0.016402209
1775,-7.235183469,-0.145914172,-0.959973125
1776,1.385352407,6.993791257,1.635147677
1777,4.053612879,9.281400745,-0.647855547
1778,7.347557154,3.590848624,0.440188958
1779,-3.052661411,2.005846155,0.818034977
1780,2.003820899,6.096938677,0.72252899
1781,-2.1277164,-8.541291211,-1.62184288
1782,9.105714713,-8.897161261,-0.189798354
1783,5.407194693,8.637195628,-0.059528572
1784,-6.777176303,-4.21613765,0.405230082
1785,-0.274694092,-7.30215385,-1.12282025
1786,7.36625022,6.220799308,0.821052703
1787,9.205034182,3.431854965,-0.068224003
1788,0.417713722,-0.155302313,0.250993033
1789,-6.457757781,1.878724287,0.779276493
1790,7.904596932,8.572283273,1.751643837
1791,9.109210658,6.591962621,0.614249815
1792,2.81668248,2.261674262,1.08991054
1793,-0.7803772,-0.598771399,-1.267175565
1794,-6.955127598,-8.85581616,-1.161264921
1795,-1.200983518,6.297738412,-0.91784243
1796,-8.734436074,-1.831585495,-1.602987621
1797,1.565273504,-2.018384281,0.098491111
1798,-3.332073291,3.796111355,-0.419446619
1799,-3.48085989,-6.269345712,0.34663534
1800,-1.799928529,-0.314207549,-1.282926782
1801,-8.34910211,-5.118174009,0.038881324
1802,-0.948807508,-6.639078683,-1.161149171
1803,1.070615118,-8.411427602,0.028886658
1804,1.262401098,-8.711316511,0.298367
1805,-8.660719691,-1.956239096,-1.6184894
1806,-1.707209913,5.152558646,-1.895389469
1807,8.222268579,-4.024921315,1.70580091
1808,-4.985416006,-0.206892934,0.757538988
1809,3.76409204,8.597942096,0.152724742
1810,-5.643269535,-0.928420716,-0.203546911
1811,-3.892920938,5.327494275,-0.134102643
1812,4.534325088,-6.570735742,-1.267792558
1813,5.986780115,-5.104659591,0.631959363
1814,9.522914362,2.532184312,0.474403453
1815,4.590918408,1.343434589,-0.018367047
1816,-9.334349227,2.748190009,0.293027806
1817,-3.644439527,-4.184615083,1.34585226
1818,7.266920866,9.315303699,0.941828087
1819,2.409068664,-4.04470521,1.45400623
1820,-4.261119499,-4.629098754,1.89642757
1821,-6.616709563,-9.912426622,0.141174821
1822,-2.796347089,-1.521732807,-1.337224389
1823,9.695033842,0.002036546,-0.264941494
1824,-5.295881099,4.18413145,-0.029142848
1825,-2.829024076,1.776262097,0.671462293
1826,-8.176797479,-8.09486512,-1.919473474
1827,-3.578194459,-4.69302957,1.422675102
1828,9.341509704,0.156211774,0.238749297
1829,8.420616251,-9.319904695,0.739031141
1830,-4.602697523,4.604027566,-0.000144723
1831,-2.584846548,5.655950795,-1.11533443
1832,1.652971235,-5.982657176,1.29265025
1833,6.272191608,8.063204898,0.96719906
1834,-6.050156778,0.178181315,0.408165227
1835,5.361606079,-6.548848928,-1.059107022
1836,-9.317061941,5.669044605,-0.683764298
1837,-4.869828991,-6.122399526,1.147725803
1838,0.066014289,-1.769250005,-0.91440626
1839,-5.28233265,-9.000641769,0.430397706
1840,-6.228077117,9.015555703,0.452976226
1841,1.89790496,1.168926351,1.867306496
1842,3.299380913,-9.288714592,-0.292778256
1843,6.959643706,-5.296642924,1.460159059
1844,3.161724609,9.805836554,-0.392033935
1845,7.761419867,-7.818587505,-0.003654476
1846,0.944012137,-4.428442117,1.769875123
1847,6.883719764,3.9626611,-0.16679083
1848,-1.124805709,-7.828964645,-1.901870895
1849,-1.982185013,2.628812651,-0.425964806
1850,-7.808051503,6.302380491,-0.979751392
1851,3.771673747,-6.161346871,-0.467673063
1852,6.189930719,-0.901017038,-0.877078189
1853,2.496902702,7.072584156,1.310880677
1854,3.770552324,-9.114336318,-0.893783022
1855,8.382371768,-2.149323373,0.026350837
1856,-1.301888649,-9.800650004,-0.596977845
1857,1.384150027,-8.608661827,0.254141422
1858,1.514327579,6.527635291,1.240428761
1859,-1.338128074,9.223128496,-0.772768983
1860,2.101406105,7.222901315,1.66988922
1861,-0.443275391,5.480371148,-1.148214482
1862,2.350817241,-7.856952357,-0.289096758
1863,0.379437313,-1.120452191,-0.529899499
1864,5.125598208,-9.943126718,-0.420390393
1865,-9.244259945,8.060468098,0.799218112
1866,-4.081229157,2.487217534,1.416007226
1867,6.001172793,-5.737264304,0.240916221
1868,-1.201051805,2.356724027,-0.225687457
1869,8.58514115,-0.633007132,0.15282872
1870,1.651876529,-8.806316614,0.416932604
1871,1.83606871,-3.374048701,1.195389329
1872,5.981988567,-5.799374514,0.168492684
1873,0.168594699,-3.0510887,0.077416687
1874,-6.708439517,-7.957887077,-1.407159047
1875,0.425080233,5.742039143,-0.102724853
1876,-1.152998798,6.295341315,-0.901829097
1877,-4.49337348,-5.496951478,1.683809262
1878,3.325999318,9.493570498,-0.252101581
1879,3.021763837,3.177833619,0.083309221
1880,-2.939338657,2.032241064,0.694532283
1881,2.877553056,-2.206168563,-0.543868568
1882,-2.347910015,5.530172767,-1.396780363
1883,-4.110423337,-4.870450789,1.811758353
1884,-7.361682985,-4.640627057,0.116177493
1885,-1.100765547,-2.686652255,-1.330963124
1886,-2.875178169,8.303126351,0.637544678
1887,0.476776694,7.136783616,1.212568086
1888,3.72559888,-5.014603133,0.403309232
1889,-3.692920948,0.298891494,0.8182802
1890,1.750983906,-8.312349461,0.087034189
1891,-0.179911804,3.532165851,-0.559661309
1892,4.103270217,-8.336814714,-1.705835639
1893,0.00748801,6.693203004,0.406113498
1894,6.039667045,-4.732513294,0.758678943
1895,1.355663003,-3.608455898,1.427035371
1896,-2.081659378,-2.860831058,-1.149410364
1897,4.691308207,9.495229796,-1.070171377
1898,4.476169683,4.128393102,-1.806495854
1899,-5.755741497,-0.862864057,-0.256381877
1900,2.612190458,8.60743774,1.234346149
1901,-6.841065884,1.011235697,0.318099102
1902,2.986302344,6.726565591,0.583662265
1903,4.66695694,-3.196947812,-0.943641249
1904,-3.212594333,1.684776525,1.064453325
1905,-7.462780052,0.27813488,-0.64988888
1906,-9.839922091,7.714017554,1.39354283
1907,-6.154617455,-1.990843761,-0.78485565
1908,-5.522291057,0.881529028,1.461281554
1909,-5.038733192,-9.452435854,0.974875019
1910,-0.264183378,-8.221356504,-1.194394485
1911,3.56477605,4.544031687,-1.39652646
1912,-8.611868654,-6.636548069,-1.072344818
1913,-3.426954074,4.451569871,-0.684674803
1914,-2.883510317,-2.577529887,-0.789850874
1915,6.08087419,0.844881066,0.54695832
1916,3.324001439,5.576582703,-0.830652479
1917,-0.967821339,5.616206167,-1.442267502
1918,0.112565806,-7.612990301,-0.85877362
1919,0.213280044,7.600118548,1.179616208
1920,8.664432556,-6.481453362,0.492200153
1921,7.81487392,6.114760691,0.831605926
1922,4.179293968,3.899253537,-1.548462395
1923,5.289725662,-4.095044073,-0.022500956
1924,-7.984527834,7.163072593,-0.220823882
1925,-9.260749789,-4.158009739,0.686933756
1926,-6.444338358,3.755939409,-0.736881271
1927,8.368271519,-8.567621051,0.114657695
1928,-1.804094989,-5.231213619,-0.104506485
1929,-4.281264184,8.130125166,1.870610326
1930,-4.72125618,4.289764449,0.08794507
1931,4.198963347,-0.404389102,-1.264524283
1932,0.929309617,-3.446704434,1.10160681
1933,-3.412874913,-2.088393319,-0.601043659
1934,8.094265506,9.751256743,0.650560653
1935,-8.744955625,-8.124645913,-1.592248367
1936,4.024831071,-9.248720507,-0.947947538
1937,6.314154682,8.636687073,0.739972684
1938,5.307300331,-9.202904605,-1.048255627
1939,-8.441288299,8.17956536,0.115028046
1940,-7.321316888,-7.749281509,-1.855980838
1941,-0.517861389,6.955280593,0.127603878
1942,-4.978352337,-3.231817878,1.054942601
1943,4.251577027,-4.622638644,0.100283404
1944,-7.622953935,4.002614255,-1.731940287
1945,6.498879081,-1.941100196,-0.718192241
1946,8.387702956,-2.047403213,-0.027636834
1947,-8.384700176,-5.315501312,-0.038869335
1948,7.2433488,-7.852054585,-0.180712819
1949,6.191298992,-5.43787225,0.656421792
1950,5.529676238,-5.124232409,0.232182352
1951,2.904981314,-6.830853212,-0.286287907
1952,-8.036377028,-7.14427225,-1.741963302
1953,-2.115663674,8.553622547,-0.090122585
1954,5.9304395,7.11910038,0.39643453
1955,-2.200845755,-9.178155489,-1.052128412
1956,-3.760967106,-4.574301988,1.571007058
1957,-9.15434553,-5.409348923,0.499648933
1958,6.40609621,-9.156997255,-0.141990225
1959,-6.633589566,6.249719675,-0.376736915
1960,-5.308281361,8.093241809,1.799161549
1961,-0.331780639,-2.044200598,-1.21574845
1962,-2.485706568,7.350989998,0.266282658
1963,-5.553966705,-1.50596488,-0.331612024
1964,5.038137718,5.250153181,-1.806267424
1965,-8.961609344,-8.217524961,-1.381427849
1966,-2.416966867,-2.767925736,-1.027887058
1967,2.201177095,6.307381266,0.83199672
1968,8.98940677,7.112253732,1.159049348
1969,6.371296457,-3.858464858,0.74502714
1970,9.223489748,0.97631074,1.028368422
1971,8.798125873,2.47045876,1.208310614
1972,5.40628174,7.86478201,0.231179385
1973,-7.133503943,7.137181169,0.00242094
1974,8.801568151,1.386362573,1.56668481
1975,-0.705411332,6.515707488,-0.417914491
1976,-5.372494926,-6.779871875,0.313412168
1977,-0.276695133,1.786415425,0.703666139
1978,9.179036441,7.282687427,1.084477509
1979,1.690078614,-2.2720782,0.228878546
1980,5.859342222,4.152441263,-1.258549393
1981,-8.721217706,2.789889479,-0.302439407
1982,-1.659671761,-6.68487504,-1.38702731
1983,3.854992697,-3.289062742,-0.507472308
1984,-4.329875082,4.648449538,-0.070227324
1985,9.686110338,-5.699194667,0.292989666
1986,-8.462776003,-4.413318225,0.135272598
1987,-5.711584457,2.213323882,1.341562867
1988,-0.397673348,4.154166684,-1.235472365
1989,2.883410471,6.199755827,0.17199068
1990,3.625825697,9.692745021,-0.730301314
1991,1.275299407,-4.551936296,1.943812611
1992,0.082434742,7.958632577,1.076870496
1993,-9.147165682,4.063678909,-1.070923914
1994,-6.517235285,0.736476057,0.439762439
1995,-8.716461826,-5.291793568,0.186232933
1996,6.053525816,9.49682623,-0.299631921
1997,7.270202437,3.321203193,0.6557392
1998,-7.944308939,9.567267359,-1.137930983
1999,7.361768732,5.47116266,0.155608946
2000,-8.183663065,9.017351068,-0.549897365
2001,-9.338914578,-0.130152911,-0.215543679
2002,-6.868070699,-4.770471323,0.446209866
2003,8.855146992,-7.65492068,-0.440931381
2004,8.466663295,-7.942727853,-0.177955802
2005,-0.573327783,-6.220722204,-0.480008226
2006,4.457930106,3.320334536,-1.145591291
2007,4.508459981,-3.274203859,-0.847055574
2008,-2.979738491,3.940498214,-0.87774157
2009,4.515986854,-1.052599967,-1.849488981
2010,-6.525800834,-2.632726919,-0.72742938
2011,4.662215681,1.529631036,0.000411245
2012,-9.483161869,5.830231375,-0.379272747
2013,1.899862753,6.455380472,1.11768991
2014,7.977227561,2.952835249,1.180053344
2015,-0.660625689,1.061068326,0.259266238
2016,8.793557961,-9.909475659,1.056071012
2017,-3.43724362,-7.232353897,-0.521568972
2018,9.816255466,-2.039255515,-1.2738196
2019,8.039873584,-1.496781498,-0.014490364
2020,0.294177622,0.313512233,0.598354464
2021,-1.820760644,-5.053337247,-0.026483242
2022,4.478391893,-7.69955888,-1.960847855
2023,9.960068468,-4.223691572,0.372854211
2024,9.554871263,-4.116562031,0.697958047
2025,-4.139315654,7.673352094,1.823969328
2026,-5.054024451,0.442781071,1.37066199
2027,6.681836227,2.02078542,1.28862725
2028,5.597917793,-5.740281629,-0.116255826
2029,-9.290264062,7.558024206,0.822414724
2030,9.567455448,-7.079485721,-0.856967563
2031,3.631204352,6.052682776,-0.698750034
2032,-8.443685266,7.784697431,0.166495279
2033,-3.278525876,9.920244935,-0.338936831
2034,7.558536105,-0.789033226,0.247000033
2035,-1.272384777,-9.408573934,-0.972008021
2036,-3.620391352,-3.829208056,1.095409557
2037,2.255683571,-6.041776986,1.013560725
2038,8.53697268,-9.594835111,0.944927169
2039,-7.173412604,-7.825770935,-1.776816895
2040,-4.074920017,1.014999973,1.653085248
2041,9.353958062,4.658954484,-0.927812003
2042,4.208654818,-7.462197081,-1.800015316
2043,-1.335720845,-9.154717564,-1.239286408
2044,-3.546231417,-6.880569221,-0.168794673
2045,-6.289298204,5.70444397,-0.553083537
2046,-7.495660731,1.334425991,0.035707348
2047,-2.471438032,-7.67877402,-1.605797546
2048,-2.495712965,6.460016469,-0.425990126
2049,8.849866535,-6.162200708,0.664450126
2050,6.085343676,7.706244411,0.792553167
2051,3.090471359,-0.323147489,-0.266453675
2052,8.739267602,8.641792507,1.338466842
2053,-4.341597452,-7.944196778,-0.063892548
2054,-9.843332708,8.684812623,1.080702698
2055,9.830053771,1.348255757,0.581067629
2056,0.123393728,8.293897554,1.027868307
2057,-8.228704807,8.858581632,-0.394183142
2058,3.615751103,9.657416492,-0.687135676
2059,-9.834624883,-4.79624205,1.394955324
2060,1.372214256,-8.153048863,0.024735565
2061,-7.301666755,6.446107068,-0.689110317
2062,0.924278859,5.239238948,-0.066208686
2063,-5.031762328,-7.783797275,-0.048105733
2064,-9.527825532,-0.801060698,-0.615229388
2065,6.605392633,-4.441775874,1.280268245
2066,-0.172038066,1.856277761,0.7883355
2067,-9.847938722,-8.416341713,-0.435354644
2068,0.710391886,-8.635263731,-0.057880369
2069,2.885536977,-6.730879062,-0.179620921
2070,-1.403318141,6.214650035,-1.054489911
2071,4.08685531,-5.642695799,-0.213062752
2072,6.925399196,-3.121113115,0.57849162
2073,4.266444455,5.421254866,-1.661304326
2074,3.922839159,8.741263154,-0.072642878
2075,6.009593501,7.563224172,0.687835615
2076,-2.285778063,-0.611646583,-1.329321516
2077,-9.818429166,2.159280134,1.215346181
2078,-5.994848693,-5.842987817,0.710476037
2079,-0.607422278,0.89641255,0.210339145
2080,-4.251837759,-5.226908037,1.766337151
2081,0.271251342,-8.64314528,-0.436501941
2082,-3.110076329,-8.506183697,-0.826260318
2083,-4.863905841,-3.720443092,1.535605273
2084,1.000544886,4.539490724,-0.143325031
2085,6.66360675,-0.643342787,-0.228561519
2086,-3.903768061,-2.561799382,0.142645623
2087,-9.07757313,3.957430862,-1.068571009
2088,-7.010638495,-7.204385113,-1.461297569
2089,9.31351367,-2.783081411,-0.239845657
2090,-0.380614335,-1.166901746,-1.291028302
2091,-7.754370351,-7.793870676,-1.993236777
2092,-3.346923272,-2.421726209,-0.455393414
2093,2.84360683,-8.080139592,-0.680939713
2094,1.709679098,6.538764944,1.24317754
2095,4.288529823,-8.587387622,-1.654407268
2096,2.338736246,-4.741677544,1.718914361
2097,6.34926402,-4.963723158,1.034612114
2098,5.947656927,9.231079459,-0.136778593
2099,8.676020684,-9.394762514,0.650718007
2100,4.594649193,8.738661002,-0.359539064
2101,-1.787819819,2.080381721,-0.103595853
2102,-5.422198187,-1.344585852,-0.216037101
2103,-5.063435248,1.937550584,1.872509579
2104,-7.99441541,-6.745620524,-1.436284243
2105,2.198472853,1.313750506,1.77653941
2106,1.728589192,6.762288857,1.448560359
2107,6.040173846,9.822607494,-0.628044985
2108,-6.356293479,-8.766012375,-0.685184272
2109,6.012641503,0.049347638,-0.217927888
2110,-3.02103462,-9.556967297,0.011538484
2111,-8.037099274,2.313094164,-0.246363556
2112,4.153193299,-0.961187333,-1.66755403
2113,1.674722727,1.77623816,1.973575457
2114,-1.972256863,1.500979598,0.07707255
2115,1.635414552,9.158767965,1.260796843
2116,6.381303264,-1.619720927,-0.90084283
2117,6.31093783,2.875902252,0.290324468
2118,5.240372634,-0.456238808,-1.304399395
2119,-2.886775326,8.560120133,0.508804633
2120,6.425917952,-7.748348327,-0.852177489
2121,-7.113875824,-0.109280542,-0.847460371
2122,0.950695763,-4.427416757,1.773489483
2123,-3.120015666,2.866394599,0.250162231
2124,-0.7259312,-4.191037651,0.203314781
2125,8.350469342,-4.299842799,1.795363948
2126,2.04809466,5.485567496,0.172544888
2127,1.779302726,-5.941122477,1.313772304
2128,8.779637638,-9.058149599,0.242840652
2129,2.223832385,4.761587552,-0.204547243
2130,5.603152551,3.971890651,-1.366950944
2131,-0.120621615,4.791991031,-1.117162759
2132,0.934795552,-0.984376392,-0.028449502
2133,-2.431899824,7.309715136,0.203906528
2134,-9.057648399,1.417755367,0.629374313
2135,-8.270967253,4.658662148,-1.912870996
2136,-4.378159841,4.326799241,0.018086674
2137,2.959930939,-4.793459293,1.177379794
2138,-0.431561057,-5.176403844,0.475973648
2139,8.628408607,7.948207484,1.710385901
2140,2.710833919,7.836649162,1.417410143
2141,6.491348835,2.956865204,0.39034205
2142,-8.207086949,-8.246775205,-1.862146749
2143,-5.387953512,3.127757649,0.794188616
2144,0.562395955,-1.494348467,-0.463864629
2145,-8.353741296,1.72461235,0.11049586
2146,8.014181115,-4.211959942,1.864572272
2147,1.286264369,-7.30339441,0.1075757
2148,-1.758046368,3.069820954,-0.910809778
2149,-8.190837411,7.587363087,0.020868763
2150,-0.640114545,1.816041796,0.372790442
2151,1.152281691,-2.475223037,0.295557277
2152,2.928649922,8.231002582,1.14110258
2153,-6.841224792,9.110079254,-0.219994133
2154,-4.936237154,-0.664846958,0.358111746
2155,0.923755239,3.718813722,0.252173653
2156,2.047966925,8.635042204,1.598465191
2157,5.774933367,6.417483181,-0.352756352
2158,-0.476570225,-4.498760116,0.518533731
2159,-9.553900191,-4.434198618,1.090317697
2160,-0.329853097,0.609330758,0.248414741
2161,-1.026275508,0.306200104,-0.553937934
2162,9.88754024,-7.714965571,-1.436774376
2163,8.127352066,-8.333187339,0.075504992
2164,6.391542091,0.027449482,0.135590903
2165,0.093851313,-8.154737009,-0.861399389
2166,7.835268349,5.738253463,0.481465104
2167,1.211107918,-2.669089491,0.480889939
2168,-3.816596337,-9.014444769,0.225985309
2169,2.057111729,5.116035343,-0.035573981
2170,9.50331013,1.184859672,0.847994784
2171,-4.304076032,2.229695032,1.708458967
2172,-9.13569629,9.769560573,-0.623064213
2173,9.058719716,-8.175118247,-0.590939638
2174,0.575721263,-5.158937909,1.446382762
2175,-5.121425991,9.28870344,1.053159231
2176,-5.040580586,5.212059974,0.068886546
2177,8.819770696,-6.823703817,0.054187399
2178,6.412275363,6.704865223,0.538025613
2179,9.060651379,-7.172864421,-0.42073646
2180,4.658821571,-7.278099331,-1.837277758
2181,1.447152709,2.76984507,1.35561006
2182,1.689153933,-9.627434138,1.194275768
2183,-2.274631088,4.465321569,-1.731999937
2184,-4.062245018,-5.716400716,1.332918874
2185,8.323746401,6.664874022,1.264162987
2186,-2.975897598,3.514294303,-0.529070838
2187,7.852882526,-6.625006612,0.664795814
2188,-6.247677318,-7.410091053,-0.86758714
2189,-4.532039766,-9.492566697,1.051517943
2190,3.416958307,1.964472382,0.651606387
2191,-7.972478485,-4.201625216,-0.120616059
2192,-0.001072841,-4.455740559,0.966173334
2193,4.612132242,5.518758589,-1.687101831
2194,-6.918456091,6.639630942,-0.244449997
2195,2.484676841,-8.630562334,-0.102636645
2196,3.50744028,-9.02342576,-0.7484044
2197,-7.444168151,4.843169299,-1.90865559
2198,2.366022463,-6.644997167,0.34615395
2199,8.327123122,5.630456365,0.282784538
2200,-5.264321338,-8.054121038,-0.128525961
2201,9.965925208,-2.876718056,-0.776907899
2202,3.824697732,-6.727975629,-1.061473026
2203,7.465809644,0.245642726,1.168782309
2204,3.678442853,1.851908447,0.449315669
2205,-8.527603771,-7.572605012,-1.742241323
2206,-5.681192649,-0.786810164,-0.141818548
2207,6.237115765,-1.776213539,-1.025029216
2208,2.460364995,2.458673204,1.260807569
2209,-2.347457396,4.448343151,-1.67859974
2210,-2.156048468,-9.042333843,-1.206761952
2211,4.61669857,5.848657144,-1.416407625
2212,5.990877129,-6.217156485,-0.222182405
2213,-5.079290846,7.082354614,1.650220297
2214,2.145027218,-3.811898776,1.460836226
2215,7.531114381,7.302838046,1.800255802
2216,-7.673218824,-1.636457164,-1.981551943
2217,8.191620632,-7.115946838,0.203747156
2218,-1.263309686,-6.448089713,-1.117255317
2219,0.536830682,1.65791971,1.50762222
2220,5.740824081,6.335606437,-0.463762676
2221,-7.864522442,8.720476074,-0.352442466
2222,-1.974119345,1.437254977,0.07133473
2223,-9.650971708,9.726992534,-0.073365282
2224,4.767011218,4.292027552,-1.911450081
2225,-4.819910656,9.38130014,1.037689236
2226,8.215111195,5.370678576,0.144458558
2227,9.433995719,-0.11884971,-0.127787738
2228,-9.625925614,-9.748189401,0.51759696
2229,5.244665114,-5.435648412,-0.112001655
2230,-2.956765988,2.951521247,0.005152862
2231,9.01549387,-2.37039785,-0.299039853
2232,0.764890071,-9.165484959,0.436060442
2233,6.841724813,-8.788867135,-0.063962328
2234,6.280219314,3.061114643,0.077425178
2235,-3.011994685,-5.66190174,0.452843856
2236,9.630110062,9.275330208,-0.055000232
2237,-5.548903478,-1.81025928,-0.301411271
2238,3.088646731,4.335463795,-0.876879566
2239,-2.675134697,-7.05809777,-1.149379012
2240,-5.863283837,5.447887966,-0.333825563
2241,-9.612383454,-3.317790298,0.361794305
2242,-9.190735702,8.784463612,0.365536088
2243,-1.286761366,-4.257623412,-0.061568506
2244,8.491947591,-1.230492976,-0.13934464
2245,4.612905062,-0.306215084,-1.296507512
2246,-8.035835044,-1.515157999,-1.981962775
2247,0.126109395,-6.748086042,-0.322558678
2248,6.885819866,-4.748920929,1.566147689
2249,3.778750018,-0.242179403,-0.834731963
2250,-3.981529316,5.155627184,-0.1587668
2251,0.164421503,-4.193613313,1.03210854
2252,3.393536695,7.345104325,0.624004934
2253,7.509627776,-5.172985319,1.837081374
2254,-2.990873263,3.014852702,-0.023748486
2255,5.32910199,7.135244378,-0.06314615
2256,-9.848435883,-7.150843449,-0.351719024
2257,-1.38657851,2.278748906,-0.223384966
2258,-9.433147104,1.126555423,0.911306209
2259,2.046900449,-9.867248401,1.316960519
2260,-3.755597038,-4.990856242,1.537622934
2261,5.510543064,-9.569254934,-0.554054828
2262,-3.820841382,-7.291553684,-0.217754243
2263,9.913438367,7.853922896,0.530556499
2264,-4.982000247,5.930291049,0.618259356
2265,9.18090208,-3.400134526,0.497136781
2266,-0.299134987,-5.693774583,0.261177555
2267,2.79493401,0.346345475,0.679219684
2268,8.35198619,-2.395727942,0.199930285
2269,1.954484972,-4.445718441,1.891943751
2270,6.391889865,4.462101877,-0.860350755
2271,0.648031652,-3.968588455,1.339518848
2272,-7.676086077,-5.978214303,-0.683952754
2273,0.589930905,0.445332736,0.987061795
2274,5.466373535,3.819948724,-1.356480941
2275,7.769495609,-5.975577814,1.299212479
2276,1.107296725,4.41374817,-0.061243902
2277,-1.024546516,-7.055101173,-1.551988079
2278,9.721761706,-5.889223864,0.091212069
2279,-0.888225327,-4.949303258,0.19611331
2280,7.027144517,-0.080254819,0.597037675
2281,-8.992568307,4.235179728,-1.307158459
2282,9.297766542,1.525586917,1.125648433
2283,-2.93659053,-3.011011494,-0.333779616
2284,-1.440170523,-5.192716634,-0.104637003
2285,-0.644824567,1.359690943,0.376741648
2286,2.224360706,6.103678239,0.615377048
2287,8.160489454,-4.926656663,1.930525451
2288,9.497037811,2.448929905,0.566391574
2289,0.606553922,0.109265481,0.679087685
2290,-3.288214091,-8.167038536,-0.805299927
2291,1.601750671,5.111243434,0.078014466
2292,5.805038422,6.172827429,-0.570268689
2293,-8.278370745,1.563958781,0.088686179
2294,5.760352943,-3.430992453,-0.213959087
2295,4.452216101,-3.896226604,-0.28132348
2296,-2.43715112,-5.258861195,0.206754748
2297,-8.198482715,0.673302582,-0.317672837
2298,6.200389514,-0.212367142,-0.293475681
2299,3.561110495,-2.741089154,-0.797202199
2300,-9.471723495,9.184233479,0.28515976
2301,2.708713046,5.099994572,-0.506330199
2302,6.169719351,-3.432775854,0.173863177
2303,-4.246215224,-2.527355414,0.316959259
2304,-4.768550726,-7.52022967,0.053603454
2305,-2.635308811,-4.17245475,0.372811867
2306,-6.898624671,-3.522389938,-0.205656566
2307,0.143724373,4.447262626,-0.821829328
2308,-0.346352684,9.741185539,-0.650623829
2309,-8.59761511,-5.079028384,0.197523642
2310,-1.864296077,-9.283379003,-1.098165496
2311,3.475328993,-6.278105244,-0.322495452
2312,3.093578419,-3.075940918,-0.017608796
2313,-0.197127749,6.938846208,0.413829718
2314,4.72792877,9.773727808,-1.341790394
2315,-7.143196311,-9.253256431,-0.928531492
2316,-9.148865902,-6.395908061,-0.3849088
2317,8.888201898,-5.8480819,0.932700419
2318,-7.269841453,-1.343442881,-1.808452909
2319,7.695599334,-9.326378718,0.889243191
2320,2.184334099,-8.227980808,-0.113257512
2321,5.996915547,-8.519623276,-1.068896456
2322,1.101796064,-5.618472256,1.508853912
2323,3.992614002,-0.427017177,-1.166111754
2324,4.432366282,8.883412217,-0.445742243
2325,3.651212054,-2.645468043,-0.963866018
2326,-8.466298179,-5.497884314,-0.111280679
2327,-9.991455061,4.971250468,-0.429850519
2328,-3.596812673,-2.694120068,0.006971594
2329,-3.339968257,-6.843505937,-0.334380773
2330,-8.64586512,-2.899902499,-0.941850125
2331,-6.364260805,-6.561053897,-0.355293325
2332,3.288559701,8.999410188,0.266217255
2333,9.278370732,-0.754537397,-0.539066947
2334,9.376435224,4.748186522,-0.951035427
2335,-8.869357097,5.704470547,-1.074249376
2336,5.329668101,9.648186976,-1.037011566
2337,2.590495602,-0.122121926,0.401803575
2338,3.884438708,9.968545461,-1.193750653
2339,2.727456661,0.751180723,1.08490132
2340,0.280860791,2.952151325,0.465493062
2341,-5.184770604,-6.33112084,0.842569979
2342,-6.650763627,7.818581667,0.640016911
2343,4.602370792,0.611985396,-0.419460445
2344,-1.867949379,8.726266485,-0.31309546
2345,-0.789358142,-9.105874105,-1.02342723
2346,9.085293007,5.39739729,-0.441412305
2347,6.193193782,-3.157506706,-0.073956728
2348,-2.050328712,7.183009346,-0.103993242
2349,2.258605737,-3.494867414,1.118610739
2350,0.452355584,-1.730129063,-0.550247966
